Plant_Name,Plant_Type,Generator_SubType_(for_lookup),Transmission_Zone,In-Service_Year,Modeled_Max_Capacity_MW,PLEXOS_AHRs_MMBtu_per_MWh,CO2_lb_per_MMBtu
Big_Brown_1,Coal-Lig,Coal,Northeast,1971,592.025,10.74378087,217.4390189
Big_Brown_2,Coal-Sub,Coal,Northeast,1972,611.925,10.68410924,217.7401752
Coleto_Creek,Coal-Sub,Coal,South,1980,630.83,10.16328656,211.4252276
Fayette_Power_Project_1,Coal-Sub,Coal,South,1979,616.9,10.69211999,209.7598888
Fayette_Power_Project_2,Coal-Sub,Coal,South,1980,611.925,10.71009658,209.759924
Fayette_Power_Project_3,Coal-Sub,Coal,South,1988,447.75,10.67273455,209.7598359
Gibbons_Creek_1,Coal-Sub,Coal,Northeast,1983,467.65,9.989982692,199.5100634
J_K_Spruce_1,Coal-Sub,Coal,South,1992,562.175,10.82178575,206.2089914
J_K_Spruce_2,Coal-Sub,Coal,South,2010,768.14,10.80046271,205.2001636
J_T_Deely_1,Coal-Sub,Coal,South,1977,442.775,14.05584899,209.2705837
J_T_Deely_2,Coal-Sub,Coal,South,1978,442.775,14.09291332,205.1999525
Limestone_1,Coal-Sub,Coal,Northeast,1985,826.845,9.643045767,217.7052383
Limestone_2,Coal-Lig,Coal,Northeast,1986,853.71,9.578039599,217.7370126
Martin_Lake_1,Coal-Lig,Coal,Northeast,1977,810.925,11.12924211,216.4301284
Martin_Lake_2,Coal-Lig,Coal,Northeast,1978,802.965,11.06348552,217.7400847
Martin_Lake_3,Coal-Sub,Coal,Northeast,1979,781.075,11.07689913,217.7401039
Monticello_1,Coal-Sub,Coal,Northeast,1974,590.035,10.92604182,217.7346852
Monticello_2,Coal-Lig,Coal,Northeast,1975,590.035,10.94900974,217.7402034
Monticello_3,Coal-Sub,Coal,Northeast,1978,791.025,10.93577066,217.7400036
Oak_Grove_SES_Unit_1,Coal-Lig,Coal,Northeast,2010,840,9.344135269,216.8009352
Oak_Grove_SES_Unit_2,Coal-Lig,Coal,Northeast,2011,825,9.30511599,217.5228705
Oklaunion_1,Coal-Sub,Coal,Northeast,1986,646.75,10.63409596,209.7597758
San_Miguel_1,Coal-Lig,Coal,South,1982,393.025,12.17905941,214.7602456
Sandow_4,Coal-Lig,Coal,South,1981,565.16,9.322986352,212.7327555
Sandow_5,Coal-Lig,Coal,South,2010,557.2,11.11803502,208.2370404
Sandy_Creek_1,Coal-Sub,Coal,Northeast,2013,970,9.334842851,212.7327555
Twin_Oaks_1,Coal-Lig,Coal,Northeast,1990,157.21,10.88730958,217.7408443
Twin_Oaks_2,Coal-Lig,Coal,Northeast,1991,157.21,10.83837923,217.7392151
W_A_Parish_5,Coal-Sub,Coal,Coast,1977,641.775,10.41339874,209.1703355
W_A_Parish_6,Coal-Sub,Coal,Coast,1978,646.75,10.34910968,209.1287031
W_A_Parish_7,Coal-Sub,Coal,Coast,1980,562.175,10.35350232,209.6055398
W_A_Parish_8,Coal-Sub,Coal,Coast,1982,597,10.34859387,209.6758755
Lufkin_&_Nacogdoches_Biomass_Plants,Biomass,Biomass,Northeast,2012,147,16.575,210.74
All_ERCOT_Hydro,Hydro,Hydro,Northeast,NA,541.2,0,0
B_M_Davis_1,NGBlr,NGBlr-Reheat,South,1974,331.65,11.46366982,117.971452
Cedar_Bayou_1,NGBlr,NGBlr-GSSUP,Coast,1970,737.55,10.77650468,118.8566453
Cedar_Bayou_2,NGBlr,NGBlr-GSSUP,Coast,1972,741.51,10.77296493,118.8568873
Dansby_1,NGBlr,NGBlr-Reheat,Northeast,1978,108.9,11.31473873,116.373778
Decker_Creek_1,NGBlr,NGBlr-Reheat,South,1971,316.8,10.94923123,119.8015048
Decker_Creek_2,NGBlr,NGBlr-Reheat,South,1978,423.72,11.01373528,118.8609444
Graham_1,NGBlr,NGBlr-Reheat,Northeast,1960,222.75,11.94159047,118.8651384
Graham_2,NGBlr,NGBlr-Reheat,Northeast,1969,386.1,11.93716535,118.8568305
Greens_Bayou_STG_U1,NGBlr,NGBlr-Reheat,Coast,2016,371,11.8,119.05
Handley_3,NGBlr,NGBlr-Reheat,Northeast,1963,391.05,13.83924394,118.8672832
Handley_4,NGBlr,NGBlr-Reheat,Northeast,1976,430.65,13.78999377,119.4950129
Handley_5,NGBlr,NGBlr-Reheat,Northeast,1977,431.64,13.87550023,118.8568959
Lake_Hubbard_1,NGBlr,NGBlr-Reheat,Northeast,1970,388.08,12.16202486,123.9137069
Lake_Hubbard_2,NGBlr,NGBlr-Reheat,Northeast,1973,518.76,12.10471023,118.9255897
Mountain_Creek_6,NGBlr,NGBlr-Non-reheat,Northeast,1956,120.78,12.4843333,118.8887132
Mountain_Creek_7,NGBlr,NGBlr-Non-reheat,Northeast,1958,116.82,12.53927324,118.8900101
Mountain_Creek_8,NGBlr,NGBlr-GSSUP,Northeast,1967,562.32,10.7063836,118.8582161
O_W_Sommers_1,NGBlr,NGBlr-Reheat,South,1972,405.9,12.05750285,119.4671226
O_W_Sommers_2,NGBlr,NGBlr-Reheat,South,1974,396,12.08311544,118.898218
Pearsall_1,NGBlr,NGBlr-Non-reheat,South,1961,24.75,17.45355655,116.373778
Pearsall_2,NGBlr,NGBlr-Non-reheat,South,1961,24.75,17.53778235,116.373778
Pearsall_3,NGBlr,NGBlr-Non-reheat,South,1961,23.76,17.58419348,116.373778
Powerlane_Plant_1,NGBlr,NGBlr-Non-reheat,Northeast,1966,19.8,23.4209787,116.373778
Powerlane_Plant_2,NGBlr,NGBlr-Non-reheat,Northeast,1967,26.235,23.3537879,119.2349796
Powerlane_Plant_3,NGBlr,NGBlr-Non-reheat,Northeast,1978,41.481,23.37284226,119.4076747
R_W_Miller_1,NGBlr,NGBlr-Non-reheat,Northeast,1968,74.25,12.63966331,118.8590951
R_W_Miller_2,NGBlr,NGBlr-Reheat,Northeast,1972,118.8,11.28122417,118.8561213
R_W_Miller_3,NGBlr,NGBlr-Reheat,Northeast,1975,205.92,11.37551568,118.8580422
Ray_Olinger_1,NGBlr,NGBlr-Non-reheat,Northeast,1967,77.22,12.28974899,118.8508286
Ray_Olinger_2,NGBlr,NGBlr-Reheat,Northeast,1971,105.93,11.35148845,118.8570236
Ray_Olinger_3,NGBlr,NGBlr-Reheat,Northeast,1975,144.54,11.34987782,118.8623261
Sim_Gideon_1,NGBlr,NGBlr-Reheat,South,1965,138.6,11.46001695,118.8497176
Sim_Gideon_2,NGBlr,NGBlr-Reheat,South,1968,138.6,11.42119283,118.866283
Sim_Gideon_3,NGBlr,NGBlr-Reheat,South,1972,336.6,11.50742517,118.8576148
Spencer_STG_U4,NGBlr,NGBlr-Reheat,Northeast,1966,61,11.8,119.05
Spencer_STG_U5,NGBlr,NGBlr-Reheat,Northeast,1973,61,11.8,119.05
Stryker_Creek_1,NGBlr,NGBlr-Reheat,Northeast,1958,169.29,11.41783105,118.8602209
Stryker_Creek_2,NGBlr,NGBlr-Reheat,Northeast,1965,496.98,11.40211874,118.8579814
Trinidad_6,NGBlr,NGBlr-Reheat,Northeast,1965,223.74,13.51043192,118.8583372
V_H_Braunig_1,NGBlr,NGBlr-Reheat,South,1966,217.8,11.17013675,118.8574146
V_H_Braunig_2,NGBlr,NGBlr-Reheat,South,1968,227.7,11.19493691,119.528381
V_H_Braunig_3,NGBlr,NGBlr-Reheat,South,1970,407.88,11.14271904,119.7663064
W_A_Parish_1,NGBlr,NGBlr-Reheat,Coast,1958,172.26,11.36940598,118.858068
W_A_Parish_2,NGBlr,NGBlr-Reheat,Coast,1958,172.26,11.3588814,118.8542642
W_A_Parish_3,NGBlr,NGBlr-Reheat,Coast,1961,275.22,11.28791842,118.8572971
W_A_Parish_4,NGBlr,NGBlr-GSSUp,Coast,1968,546.48,10.66752751,118.8566886
Arthur_Von_Rosenberg_1,NGCC,NGCC-F_Class,South,2000,526.5,7.479826454,119.2992162
B_M_Davis_3,NGCC,NGCC-E_Class,South,2010,716.76,6.128614918,119.2992162
Bastrop_Energy_Center_1,NGCC,NGCC-F_Class,South,2002,577.2,7.869654802,118.8580681
Baytown_Energy_Center,NGCC,NGCC-F_Class,Coast,2002,888.0766,8.67593,119.2992162
Bosque_County_CC_1,NGCC,NGCC-F_Class,Northeast,2000,498.225,7.659437981,118.858578
Bosque_County_CC_2,NGCC,NGCC-F_Class,Northeast,2000,319.8,7.650987958,118.8560769
Brazos_Valley_1,NGCC,NGCC-F_Class,Coast,2003,591.825,7.496447246,118.8572454
C_R_Wing_Cogen_Plant,NGCC,NGCC-F_Class,West,1987,223.79,9.74489,119.2992162
Calenergy_Falcon_seaboard_1,NGCC,NGCC-F_Class,West,1987,214.5,6.104197543,119.2992162
Cedar_Bayou_4,NGCC,NGCC-F_Class,Coast,2009,606.45,6.12293413,118.8585241
Channel_Energy_Center,NGCC,NGCC-F_Class,Coast,2001,705.705,10.40221,119.2992162
Channelview_Cogen_Plant,NGCC,NGCC-F_Class,Coast,2008,896.2608,6.149016762,119.2992162
Colorado_Bend_Energy_Center_1,NGCC,NGCC-E_Class,Coast,2007,252.525,7.415654521,118.8561305
Colorado_Bend_Energy_Center_2,NGCC,NGCC-E_Class,Coast,2017,252.525,7.349304824,118.8556852
Corpus_Christi_Energy_Center,NGCC,NGCC-F_Class,South,2002,554.782,9.87663,119.2992162
Deer_Park_Energy_Center_1,NGCC,NGCC-F_Class,Coast,2003,970.104,5.55466577,118.8446329
Ennis_Power_Station_1,NGCC,NGCC-G&H_Class,Northeast,2002,349.05,7.354132985,118.8569658
Extra_CC_for_2020_peak_1,NGCC,NGCC-F_Class,NA,NA,500,7.077969224,119.2992162
Ferguson_Replacement,NGCC,NGCC-F_Class,South,2014,570,,118.857
Forney_Energy_Center_1,NGCC,NGCC-F_Class,Northeast,2003,921.375,7.365482279,118.8570219
Forney_Energy_Center_2,NGCC,NGCC-F_Class,Northeast,2003,921.375,7.357846368,118.8570021
Freestone_Energy_Center_1,NGCC,NGCC-F_Class,Northeast,2002,507,7.520162918,118.8571176
Freestone_Energy_Center_2,NGCC,NGCC-F_Class,Northeast,2002,507,7.54141691,118.8578626
Frontera_1,NGCC,NGCC-F_Class,South,1999,524,7.562733014,118.8578683
Green_Power_2,NGCC,NGCC-F_Class,Coast,2003,209.223,11.6761,119.2992162
Gregory_Power_Facility,NGCC,NGCC-F_Class,South,2000,416.88,11.01225,119.2992162
Guadalupe_Generating_Station_1,NGCC,NGCC-F_Class,South,2000,503.1,7.433298108,118.8564432
Guadalupe_Generating_Station_2,NGCC,NGCC-F_Class,South,2000,495.3,7.455029127,118.8571039
Hays_Energy_Facility_1,NGCC,NGCC-F_Class,South,2002,231.075,7.125469564,118.8579166
Hays_Energy_Facility_2,NGCC,NGCC-F_Class,South,2002,231.075,7.175054742,118.8569095
Hays_Energy_Facility_3,NGCC,NGCC-F_Class,South,2002,240.825,7.178138482,118.8582817
Hays_Energy_Facility_4,NGCC,NGCC-F_Class,South,2002,240.825,7.182293053,118.8589386
Hidalgo_1,NGCC,NGCC-F_Class,South,2000,499.2,7.188165469,119.2992162
Houston_Chemical_Complex_Btlgnd,NGCC,NGCC-F_Class,Coast,1982,93.9708,10.75455,119.2992162
Ingleside_Cogeneration,NGCC,NGCC-F_Class,South,1999,531.2058,9.322,119.2992162
Jack_County_Generation_Facility_1,NGCC,NGCC-F_Class,Northeast,2006,624,7.259602982,118.8576498
Jack_County_Generation_Facility_2,NGCC,NGCC-F_Class,Northeast,2011,624,7.306080242,118.8569461
Johnson_County,NGCC,NGCC-F_Class,Northeast,1997,282.6,8.367670738,119.0462272
Kiamichi_Energy_Facility_1,NGCC,NGCC-F_Class,Northeast,2003,648.375,6.148256844,119.2992162
Kiamichi_Energy_Facility_2,NGCC,NGCC-F_Class,Northeast,2003,648.375,6.090717742,119.2992162
Lamar_Power_Project_1,NGCC,NGCC-F_Class,Northeast,2000,528.45,7.756231093,118.8567031
Lamar_Power_Project_2,NGCC,NGCC-F_Class,Northeast,2000,528.45,7.760289942,118.8567489
Lost_Pines_1,NGCC,NGCC-F_Class,South,2001,540.15,7.185089459,118.8571074
Magic_Valley_1,NGCC,NGCC-G&H_Class,South,2001,731.25,7.246823269,139.4639401
Midlothian_1,NGCC,NGCC-F_Class,Northeast,2001,231.075,7.472881217,118.8573232
Midlothian_2,NGCC,NGCC-F_Class,Northeast,2001,231.075,7.432022131,118.8569023
Midlothian_3,NGCC,NGCC-F_Class,Northeast,2001,231.075,7.443895705,118.8557687
Midlothian_4,NGCC,NGCC-F_Class,Northeast,2001,231.075,7.42825383,118.8570597
Midlothian_5,NGCC,NGCC-F_Class,Northeast,2002,240.825,7.439091087,118.8564248
Midlothian_6,NGCC,NGCC-F_Class,Northeast,2002,240.825,7.496112874,118.8579616
New_Gulf_Cogen,NGCC,NGCC-G&H_Class,Coast,1984,91.2,13.91155,119.2992162
Nueces_Bay_8,NGCC,NGCC-E_Class,South,1972,705.9,6.145950475,118.8569885
Odessa_Ector_Generating_Station_1,NGCC,NGCC-F_Class,West,2001,517.725,7.622301419,118.8567254
Odessa_Ector_Generating_station_2,NGCC,NGCC-F_Class,West,2001,521.625,7.600464967,118.85726
Optim_Energy_Altura_Cogen,NGCC,NGCC-F_Class,Coast,1985,524.534,11.78303,119.2992162
Oyster_Creek_Unit_VIII,NGCC,NGCC-F_Class,Coast,1994,481.4693,11.76119,119.2992162
Panda_Sherman,NGCC,NGCC-F_Class,Northeast,2014,809,,118.857
Panda_Temple_1,NGCC,NGCC-F_Class,Northeast,2014,791,,118.857
Panda_Temple_2,NGCC,NGCC-F_Class,Northeast,2015,717.1,,118.857
Paris_Energy_Center_1,NGCC,NGCC-E_Class,Northeast,1989,244.25,7.395498518,118.8568194
Pasadena_Cogeneration,NGCC,NGCC-F_Class,Coast,2000,793.81,5.99950384,119.2992162
Quail_Run_Energy_1,NGCC,NGCC-E_Class,West,2007,235.95,8.559954032,118.8543073
Quail_Run_Energy_2,NGCC,NGCC-E_Class,West,2008,235.95,8.520591937,118.8557264
Rio_Nogales_1,NGCC,NGCC-F_Class,South,2002,826.8,7.309032831,118.8570437
Sam_Rayburn_10,NGCC,NGCC-LM6000,Coast,2003,186.225,9.158932674,119.2992162
Sand_Hill_Energy_Center_5a,NGCC,NGCC-F_Class,South,2004,316.875,7.34688656,118.856061
Signal_Hill_Wichita_Falls_NGCC,NGCC,NGCC-G&H_Class,Northeast,1987,68.85,14.48473879,119.2992162
Silas_Ray_69,NGCC,NGCC-LM6000,South,1962,57.42,14.45172618,117.3678515
T_H_Wharton_3,NGCC,NGCC-E_Class,Coast,1972,323.7,6.128063086,118.8574095
T_H_Wharton_4,NGCC,NGCC-E_Class,Coast,1974,323.7,6.100856866,118.8569364
Tenaska_Frontier_1,NGCC,NGCC-F_Class,Northeast,2000,906.75,6.90152141,119.2992162
Tenaska_Gateway_1,NGCC,NGCC-F_Class,Northeast,2001,885.3,7.465317404,119.2992162
Texas_City_1,NGCC,NGCC-E_Class,Coast,2000,433.8,5.991003115,119.2992162
Victoria_Power_Station,NGCC,NGCC-F_Class,Coast,1963,290,7.755194697,118.8560404
Wise_County_Power_LP,NGCC,NGCC-G&H_Class,Northeast,2004,789.75,7.595911079,119.2992162
Wolf_Hollow_Power_Proj_1,NGCC,NGCC-G&H_Class,Northeast,2002,771.225,7.910530071,118.856644
Antelope_IC_1,NGIC-Agg,NGIC,West,2016,54.6,9.334071,119.2349796
Antelope_IC_2,NGIC-Agg,NGIC,West,2016,54.6,9.334071,119.2349796
Antelope_IC_3,NGIC-Agg,NGIC,West,2016,54.6,9.334071,119.2349796
ICx01,NGIC-Agg,NGIC,NA,NA,8.4,9.286558,119.2349796
ICx02,NGIC-Agg,NGIC,NA,NA,16.8,9.339661,119.2349796
ICx04,NGIC-Agg,NGIC,NA,NA,33.6,9.31637,119.2349796
ICx08,NGIC-Agg,NGIC,NA,NA,67.2,9.334071,119.2349796
ICx12,NGIC-Agg,NGIC,NA,NA,100.8,9.300532,119.2349796
Pearsall_Power_C10,NGIC,NGIC,South,2009,8.4,9.797276432,119.2349796
Pearsall_Power_C11,NGIC,NGIC,South,2009,8.4,9.753015253,119.2349796
Pearsall_Power_C12,NGIC,NGIC,South,2009,8.4,9.764863307,119.2349796
Pearsall_Power_C13,NGIC,NGIC,South,2009,8.4,9.766041054,119.2349796
Pearsall_Power_C14,NGIC,NGIC,South,2009,8.4,9.774516219,119.2349796
Pearsall_Power_C15,NGIC,NGIC,South,2009,8.4,9.786564874,119.2349796
Pearsall_Power_C16,NGIC,NGIC,South,2009,8.4,9.815627968,119.2349796
Pearsall_Power_C17,NGIC,NGIC,South,2009,8.4,9.79224848,119.2349796
Pearsall_Power_C18,NGIC,NGIC,South,2009,8.4,9.830258881,119.2349796
Pearsall_Power_C19,NGIC,NGIC,South,2009,8.4,9.753694875,119.2349796
Pearsall_Power_C20,NGIC,NGIC,South,2009,8.4,9.778229793,119.2349796
Pearsall_Power_C21,NGIC,NGIC,South,2009,8.4,9.762480059,119.2349796
Pearsall_Power_C22,NGIC,NGIC,South,2009,8.4,9.771147983,119.2349796
Pearsall_Power_C23,NGIC,NGIC,South,2009,8.4,9.818942358,119.2349796
Pearsall_Power_C24,NGIC,NGIC,South,2009,8.4,9.841765167,119.2349796
Pearsall_Power_IC1,NGIC,NGIC,South,2009,8.4,9.756007886,119.2349796
Pearsall_Power_IC2,NGIC,NGIC,South,2009,8.4,9.815771967,119.2349796
Pearsall_Power_IC3,NGIC,NGIC,South,2009,8.4,9.761711038,119.2349796
Pearsall_Power_IC4,NGIC,NGIC,South,2009,8.4,9.848381567,119.2349796
Pearsall_Power_IC5,NGIC,NGIC,South,2009,8.4,9.753569568,119.2349796
Pearsall_Power_IC6,NGIC,NGIC,South,2009,8.4,9.769175967,119.2349796
Pearsall_Power_IC7,NGIC,NGIC,South,2009,8.4,9.79815301,119.2349796
Pearsall_Power_IC8,NGIC,NGIC,South,2009,8.4,9.818671318,119.2349796
Pearsall_Power_IC9,NGIC,NGIC,South,2009,8.4,9.802911275,119.2349796
Powerlane_GRNV_IC1,NGIC,NGIC,Northeast,1966,8.3,9.832859143,119.2349796
Powerlane_GRNV_IC2,NGIC,NGIC,Northeast,1966,8.3,9.761249255,119.2349796
Powerlane_GRNV_IC3,NGIC,NGIC,Northeast,1966,8.3,9.82846804,119.2349796
Redgate_A,NGIC-Agg,NGIC,South,2016,56.3,9.334071,119.2349796
Redgate_B,NGIC-Agg,NGIC,South,2016,56.3,9.334071,119.2349796
Redgate_C,NGIC-Agg,NGIC,South,2016,56.3,9.334071,119.2349796
Redgate_D,NGIC-Agg,NGIC,South,2016,56.3,9.334071,119.2349796
Sky_Global_Power_One_A,NGIC-Agg,NGIC,South,2016,26.7,9.31637,119.2349796
Sky_Global_Power_One_B,NGIC-Agg,NGIC,South,2016,26.7,9.31637,119.2349796
All_ERCOT_Nuclear,Nucl-Agg,Nucl,NA,NA,5132,10.5,0
Commanche_Peak_1,Nucl,Nucl,Northeast,1990,1230,10.501,0
Commanche_Peak_2,Nucl,Nucl,Northeast,1993,1179,10.499,0
STP_1,Nucl,Nucl,Coast,1988,1363,10.502,0
STP_2,Nucl,Nucl,Coast,1989,1360,10.498,0
Bayou_Cogen_Plant,OCGT,OCGT-E_Class,Coast,1984,121.5,14.45136945,117.7032341
BP_Chemicals_Green_Lake_Plant,OCGT,OCGT-E_Class,South,1989,10.5924,14.45136945,117.7032341
Bryan_Atkins_7,OCGT,OCGT-Older,Northeast,1973,19.8,14.45136945,117.7032341
Corpus_Christi,OCGT,OCGT-E_Class,South,2002,14.145,14.45136945,117.7032341
Dansby_2,OCGT,OCGT-LM6000,Northeast,2004,47.04,9.472003285,117.7032341
Dansby_3,OCGT,OCGT-LM6000,Northeast,2010,47.04,9.469912135,117.7032341
Decker_Creek_G1,OCGT,OCGT-LM6000,South,1989,52.92,9.462095853,79.09974539
Decker_Creek_G2,OCGT,OCGT-LM6000,South,1989,52.92,9.502760075,117.7032341
Decker_Creek_G3,OCGT,OCGT-LM6000,South,1989,52.92,9.501085651,117.7032341
Decker_Creek_G4,OCGT,OCGT-LM6000,South,1989,52.92,9.531357861,117.7032341
DeCordova_A,OCGT,OCGT-E_Class,Northeast,1990,82.32,12.1929381,117.7032341
DeCordova_B,OCGT,OCGT-E_Class,Northeast,1990,82.32,12.11502636,117.7032341
DeCordova_C,OCGT,OCGT-E_Class,Northeast,1990,82.32,12.11740445,117.7032341
DeCordova_D,OCGT,OCGT-E_Class,Northeast,1990,82.32,12.1850711,117.7032341
Ector_County_Energy_CTG_1,OCGT,OCGT-LM6000,West,2015,147,9.461511926,117.7032341
Ector_County_Energy_CTG_2,OCGT,OCGT-LM6000,West,2015,147,9.461511926,117.7032341
Elk_Station_CTG_1,OCGT,OCGT-LM6000,Panhandle,2016,190,9.476405613,117.7032341
Elk_Station_CTG_2,OCGT,OCGT-LM6000,Panhandle,2016,190,9.476405613,117.7032341
Elk_Station_CTG_3,OCGT,OCGT-LM6000,Panhandle,2016,190,9.476405613,117.7032341
ExTex_La_Porte_Power_Station_AirPro_1,OCGT,OCGT-LM6000,Coast,1976,40.18,12.63235099,117.7032341
ExTex_La_Porte_Power_Station_AirPro_2,OCGT,OCGT-LM6000,Coast,1976,40.18,12.72215114,117.7032341
ExTex_La_Porte_Power_Station_AirPro_3,OCGT,OCGT-LM6000,Coast,1976,40.18,12.69043229,117.7032341
ExTex_La_Porte_Power_Station_AirPro_4,OCGT,OCGT-LM6000,Coast,1976,40.18,12.63096238,117.7032341
ExxonMobile_Baytown_Refinery,OCGT,OCGT-E_Class,Coast,2005,19.3257,14.45136945,117.7032341
Greens_Bayou_73,OCGT,OCGT-Older,Coast,1976,53.46,14.67243322,117.7032341
Greens_Bayou_74,OCGT,OCGT-Older,Coast,1976,53.46,14.72738214,117.7032341
Greens_Bayou_81,OCGT,OCGT-Older,Coast,1976,53.46,14.63154639,117.7032341
Greens_Bayou_83,OCGT,OCGT-Older,Coast,1976,63.36,14.71094758,117.7032341
Greens_Bayou_84,OCGT,OCGT-Older,Coast,1976,63.36,14.65887601,117.7032341
Laredo_Peaking_4,OCGT,OCGT-LMS100,South,2008,93.59,11.56064053,117.7032341
Laredo_Peaking_5,OCGT,OCGT-LMS100,South,2008,93.59,11.61510781,117.7032341
Leon_Creek_Peaking_1,OCGT,OCGT-LM6000,South,2004,47.04,9.501571817,118.8510404
Leon_Creek_Peaking_2,OCGT,OCGT-LM6000,South,2004,47.04,9.475184093,118.8574177
Leon_Creek_Peaking_3,OCGT,OCGT-LM6000,South,2004,47.04,9.45387776,118.8635719
Leon_Creek_Peaking_4,OCGT,OCGT-LM6000,South,2004,47.04,9.49928724,118.8537463
Morgan_Creek_A,OCGT,OCGT-E_Class,West,1988,79.38,13.85791708,117.7032341
Morgan_Creek_B,OCGT,OCGT-E_Class,West,1988,79.38,13.84392922,117.7032341
Morgan_Creek_C,OCGT,OCGT-E_Class,West,1988,79.38,13.85145514,117.7032341
Morgan_Creek_D,OCGT,OCGT-E_Class,West,1988,79.38,13.90586919,117.7032341
Morgan_Creek_E,OCGT,OCGT-E_Class,West,1988,79.38,13.78221264,117.7032341
Morgan_Creek_F,OCGT,OCGT-E_Class,West,1988,79.38,13.80626984,117.7032341
New_2017_CT1,OCGT,OCGT-LM6000,NA,NA,46,9.476405613,117.7032341
New_2017_CT2,OCGT,OCGT-LM6000,NA,NA,46,9.461511926,117.7032341
Permian_Basin_A,OCGT,OCGT-E_Class,West,1988,67.62,13.71748758,117.7032341
Permian_Basin_B,OCGT,OCGT-E_Class,West,1988,69.58,13.73889198,117.7032341
Permian_Basin_C,OCGT,OCGT-E_Class,West,1988,72.52,13.68210116,117.7032341
Permian_Basin_D,OCGT,OCGT-E_Class,West,1990,72.52,13.71008045,117.7032341
Permian_Basin_E,OCGT,OCGT-E_Class,West,1990,73.5,13.78568267,117.7032341
R_W_Miller_4,OCGT,OCGT-E_Class,Northeast,1994,112.7,11.5859694,121.5074993
R_W_Miller_5,OCGT,OCGT-E_Class,Northeast,1994,112.7,11.61413141,120.200366
Ray_Olinger_4,OCGT,OCGT-E_Class,Northeast,2001,82.32,11.58932213,118.8620372
Sam_Rayburn_GT_1,OCGT,OCGT-Older,South,1963,12.87,14.57153701,118.4540038
Sam_Rayburn_GT_2,OCGT,OCGT-Older,South,1963,12.87,14.50267209,118.4281141
San_Jacinto_SES_1,OCGT,OCGT-E_Class,Coast,1995,78.975,13.48825259,116.373778
San_Jacinto_SES_2,OCGT,OCGT-E_Class,Coast,1995,78.975,13.56686627,116.373778
Sand_Hill_GT_1,OCGT,OCGT-LM6000,South,2001,45.08,9.461633519,118.8586524
Sand_Hill_GT_2,OCGT,OCGT-LM6000,South,2001,44.1,9.5139187,118.8624792
Sand_Hill_GT_3,OCGT,OCGT-LM6000,South,2001,46.06,9.455769797,118.8548906
Sand_Hill_GT_4,OCGT,OCGT-LM6000,South,2001,48.02,9.538119963,118.8567611
Sand_Hill_GT_5,OCGT,OCGT-LM6000,South,2010,45.08,9.53394759,118.856061
Sand_Hill_GT_6,OCGT,OCGT-LM6000,South,2010,45.08,9.456190325,118.8587961
Silas_Ray_10,OCGT,OCGT-LM6000,Coast,2004,47.04,9.452882437,118.8433427
Sweeny_Cogen_Facility,OCGT,OCGT-E_Class,Coast,1997,558.272,14.45136945,117.7032341
T_H_Wharton_G_1,OCGT,OCGT-Older,Coast,1967,57.42,14.47109163,118.8574095
T_H_Wharton_GT_51,OCGT,OCGT-E_Class,Coast,1975,12.74,11.64829888,117.7032341
T_H_Wharton_GT_52,OCGT,OCGT-E_Class,Coast,1975,56.84,11.65649932,117.7032341
T_H_Wharton_GT_53,OCGT,OCGT-E_Class,Coast,1975,56.84,11.62089428,117.7032341
T_H_Wharton_GT_54,OCGT,OCGT-E_Class,Coast,1975,56.84,11.6570794,117.7032341
T_H_Wharton_GT_55,OCGT,OCGT-E_Class,Coast,1975,56.84,11.56892243,117.7032341
T_H_Wharton_GT_56,OCGT,OCGT-E_Class,Coast,1975,56.84,11.6462649,117.7032341
Texas_Gulf_Sulphur_Newgulf,OCGT,OCGT-Older,South,1985,81.18,14.5532434,117.7032341
V_H_Braunig_5,OCGT,OCGT-LM6000,South,2009,46.55,9.465004137,119.3484893
V_H_Braunig_6,OCGT,OCGT-LM6000,South,2009,46.55,9.456609167,120.4653217
V_H_Braunig_7,OCGT,OCGT-LM6000,South,2009,46.55,9.526748693,119.6389058
V_H_Braunig_8,OCGT,OCGT-LM6000,South,2009,46.55,9.516826344,120.6246399
Victoria_Texas_Plant,OCGT,OCGT-E_Class,South,1987,44.8512,14.45136945,117.7032341
W_A_Parish_Petra_Nova,OCGT,OCGT-E_Class,Coast,9999,81,,117.7032341
W_A_Parish_T1,OCGT,OCGT-Older,Coast,1967,12.87,14.46660072,118.858068
Winchester_Power_Park_1,OCGT,OCGT-LM6000,South,2009,44.1,9.474614189,118.8520709
Winchester_Power_Park_2,OCGT,OCGT-LM6000,South,2009,44.1,9.453781893,118.8535028
Winchester_Power_Park_3,OCGT,OCGT-LM6000,South,2009,44.1,9.465898577,118.8494828
Winchester_Power_Park_4,OCGT,OCGT-LM6000,South,2009,44.1,9.50825925,118.8437005
CAES_01_CT_component,CAES,CAES-CT,NA,NA,133,4.253,35
CAES_01_PHS_component,CAES,CAES-PHS,NA,NA,2,,0
CAES_02_CT_component,CAES,CAES-CT,NA,NA,133,4.253,35
CAES_02_PHS_component,CAES,CAES-PHS,NA,NA,2,,0
CAES_03_CT_component,CAES,CAES-CT,NA,NA,133,4.253,35
CAES_03_PHS_component,CAES,CAES-PHS,NA,NA,2,,0
CAES_04_CT_component,CAES,CAES-CT,NA,NA,133,4.253,35
CAES_04_PHS_component,CAES,CAES-PHS,NA,NA,2,,0
CAES_05_CT_component,CAES,CAES-CT,NA,NA,133,4.253,35
CAES_05_PHS_component,CAES,CAES-PHS,NA,NA,2,,0
CAES_06_CT_component,CAES,CAES-CT,NA,NA,133,4.253,35
CAES_06_PHS_component,CAES,CAES-PHS,NA,NA,2,,0
CAES_07_CT_component,CAES,CAES-CT,NA,NA,133,4.253,35
CAES_07_PHS_component,CAES,CAES-PHS,NA,NA,2,,0
CAES_08_CT_component,CAES,CAES-CT,NA,NA,133,4.253,35
CAES_08_PHS_component,CAES,CAES-PHS,NA,NA,2,,0
CAES_09_CT_component,CAES,CAES-CT,NA,NA,133,4.253,35
CAES_09_PHS_component,CAES,CAES-PHS,NA,NA,2,,0
CAES_10_CT_component,CAES,CAES-CT,NA,NA,133,4.253,35
CAES_10_PHS_component,CAES,CAES-PHS,NA,NA,2,,0
CAES_11_CT_component,CAES,CAES-CT,NA,NA,133,4.253,35
CAES_11_PHS_component,CAES,CAES-PHS,NA,NA,2,,0
CAES_12_CT_component,CAES,CAES-CT,NA,NA,133,4.253,35
CAES_12_PHS_component,CAES,CAES-PHS,NA,NA,2,,0
CAES_13_CT_component,CAES,CAES-CT,NA,NA,133,4.253,35
CAES_13_PHS_component,CAES,CAES-PHS,NA,NA,2,,0
CAES_14_CT_component,CAES,CAES-CT,NA,NA,133,4.253,35
CAES_14_PHS_component,CAES,CAES-PHS,NA,NA,2,,0
CAES_15_CT_component,CAES,CAES-CT,NA,NA,133,4.253,35
CAES_15_PHS_component,CAES,CAES-PHS,NA,NA,2,,0