generation_project,timestamp,DispatchEmissions_tCO2_per_typical_yr,DispatchGen_MW,Energy_GWh_typical_yr,VariableCost_per_yr,gen_dbid,gen_energy_source,gen_load_zone,gen_tech,period,tp_weight_in_year_hrs
Martin_Lake_1,2025011600,0.0,0.0,0.0,0.0,Martin_Lake_1,Coal-Lig,North,Coal-Lig_ST,2020,4383.0
Decker_Creek_G3,2025011600,0.0,0.0,0.0,0.0,Decker_Creek_G3,NG,AEN,NG_OCGT,2020,4383.0
Magic_Valley_Wind_(Redfish)_1B,2025011600,0.0,51.75,226.82025,0.0,Magic_Valley_Wind_(Redfish)_1B,Wind-C,South,Wind-C_WT,2020,4383.0
Permian_Basin_2,2025011512,0.0,0.0,0.0,0.0,Permian_Basin_2,NG,West,NG_OCGT,2020,4383.0
Jack_County_Generation_Facility_2,2025011512,1429670.23018,595.0,2607.885,12335296.05,Jack_County_Generation_Facility_2,NG,North,NG_CCGT,2020,4383.0
Clear_Lake_Cogeneration_Ltd,2025011512,1062074.97373,384.9,1687.0167,7979588.991,Clear_Lake_Cogeneration_Ltd,NG,Houston,NG_CCGT-CHP,2020,4383.0
Sandy_Creek_1,2025011512,0.0,0.0,0.0,0.0,Sandy_Creek_1,Coal-Sub,North,Coal-Sub_ST,2020,4383.0
Sand_Hill_Energy_Center_GT_1,2025011512,70097.3474243,20.8,91.1664,431217.072,Sand_Hill_Energy_Center_GT_1,NG,AEN,NG_OCGT,2020,4383.0
Senate_Wind,2025011512,0.0,75.0,328.725,0.0,Senate_Wind,Wind,North,Wind_WT,2020,4383.0
Ray_Olinger_1,2025011600,0.0,0.0,0.0,0.0,Ray_Olinger_1,NG,North,NG_ST,2020,4383.0
Hereford_Wind_G,2025011600,0.0,49.95,218.93085,0.0,Hereford_Wind_G,Wind,West,Wind_WT,2020,4383.0
Stephens_Ranch_Wind_1,2025011512,0.0,105.6,462.8448,0.0,Stephens_Ranch_Wind_1,Wind,West,Wind_WT,2020,4383.0
J_K_Spruce_2,2025011600,0.0,0.0,0.0,0.0,J_K_Spruce_2,Coal-Sub,CPS,Coal-Sub_ST,2020,4383.0
King_Mountain_Wind_SE,2025011512,0.0,20.15,88.31745,0.0,King_Mountain_Wind_SE,Wind,West,Wind_WT,2020,4383.0
Sweetwater_Wind_4-4A,2025011512,0.0,58.9,258.1587,0.0,Sweetwater_Wind_4-4A,Wind,West,Wind_WT,2020,4383.0
Downie_Ranch_Solar_(OCI_Alamo_5),2025011600,0.0,47.5,208.1925,74949.3,Downie_Ranch_Solar_(OCI_Alamo_5),Solar,South,Solar_PV,2020,4383.0
Loraine_Windpark_I,2025011600,0.0,24.75,108.47925,0.0,Loraine_Windpark_I,Wind,West,Wind_WT,2020,4383.0
Cameron_Wind,2025011512,0.0,82.5,361.5975,0.0,Cameron_Wind,Wind-C,South,Wind-C_WT,2020,4383.0
Wise_County_Power_LP,2025011512,0.0,0.0,0.0,0.0,Wise_County_Power_LP,NG,North,NG_CCGT,2020,4383.0
Limestone_1,2025011512,0.0,0.0,0.0,0.0,Limestone_1,Coal-Sub,North,Coal-Sub_ST,2020,4383.0
Wolf_Ridge_Wind,2025011600,0.0,56.25,246.54375,0.0,Wolf_Ridge_Wind,Wind,North,Wind_WT,2020,4383.0
Bull_Creek_Wind_Plant_U2,2025011600,0.0,45.0,197.235,0.0,Bull_Creek_Wind_Plant_U2,Wind,West,Wind_WT,2020,4383.0
Hays_Energy_Facility_1,2025011512,2329784.59496,882.0,3865.806,18285262.38,Hays_Energy_Facility_1,NG,South,NG_CCGT,2020,4383.0
R_W_Miller_4,2025011512,0.0,0.0,0.0,0.0,R_W_Miller_4,NG,North,NG_OCGT,2020,4383.0
BP_Chemicals_Green_Lake_Plant,2025011512,0.0,0.0,0.0,0.0,BP_Chemicals_Green_Lake_Plant,NG,South,NG_OCGT-CHP,2020,4383.0
Permian_Basin_2,2025011600,0.0,0.0,0.0,0.0,Permian_Basin_2,NG,West,NG_OCGT,2020,4383.0
Pearsall_IC_Engine_Plant_B,2025011512,0.0,0.0,0.0,0.0,Pearsall_IC_Engine_Plant_B,NG,South,NG_IC,2020,4383.0
Channel_Energy_Center,2025011600,1866010.24331,593.325,2600.543475,12300570.6368,Channel_Energy_Center,NG,Houston,NG_CCGT-CHP,2020,4383.0
Ocotillo_Wind_Farm,2025011512,0.0,29.4,128.8602,0.0,Ocotillo_Wind_Farm,Wind,West,Wind_WT,2020,4383.0
Gulf_Wind_II,2025011512,0.0,70.8,310.3164,0.0,Gulf_Wind_II,Wind-C,South,Wind-C_WT,2020,4383.0
Spencer_4,2025011600,0.0,0.0,0.0,0.0,Spencer_4,NG,North,NG_ST,2020,4383.0
Hydro_West_LZ,2025011600,0.0,0.0,0.0,0.0,Hydro_West_LZ,Water,West,Hydro_HYDRO,2020,4383.0
Lufkin_Biomass,2025011512,0.0,45.0,197.235,491115.15,Lufkin_Biomass,Biomass,North,Biomass_ST,2020,4383.0
Greens_Bayou_81,2025011600,0.0,0.0,0.0,0.0,Greens_Bayou_81,NG,Houston,NG_OCGT,2020,4383.0
T_H_Wharton_GT_52,2025011600,0.0,0.0,0.0,0.0,T_H_Wharton_GT_52,NG,Houston,NG_OCGT,2020,4383.0
T_H_Wharton_4,2025011512,0.0,0.0,0.0,0.0,T_H_Wharton_4,NG,Houston,NG_CCGT,2020,4383.0
W_A_Parish_1,2025011512,0.0,0.0,0.0,0.0,W_A_Parish_1,NG,Houston,NG_ST,2020,4383.0
C_R_Wing_Cogen_Plant,2025011512,568698.965698,207.7,910.3491,4305951.243,C_R_Wing_Cogen_Plant,NG,West,NG_CCGT-CHP,2020,4383.0
ExTex_La_Porte_Power_Station_AirPro_2,2025011512,0.0,0.0,0.0,0.0,ExTex_La_Porte_Power_Station_AirPro_2,NG,Houston,NG_OCGT,2020,4383.0
Loraine_Windpark_II,2025011512,0.0,25.5,111.7665,0.0,Loraine_Windpark_II,Wind,West,Wind_WT,2020,4383.0
Penascal_Wind_3,2025011512,0.0,50.4,220.9032,0.0,Penascal_Wind_3,Wind-C,South,Wind-C_WT,2020,4383.0
T_H_Wharton_GT_54,2025011512,0.0,0.0,0.0,0.0,T_H_Wharton_GT_54,NG,Houston,NG_OCGT,2020,4383.0
Rattlesnake_Den_Wind_1_G2,2025011600,0.0,0.0,0.0,0.0,Rattlesnake_Den_Wind_1_G2,Wind,West,Wind_WT,2020,4383.0
Texas_City_1,2025011512,0.0,0.0,0.0,0.0,Texas_City_1,NG,Houston,NG_CCGT-CHP,2020,4383.0
South_Texas_U2,2025011512,0.0,1295.0,5675.985,7549060.05,South_Texas_U2,Uranium,South,Uranium_ST,2020,4383.0
Gibbons_Creek_1,2025011512,0.0,0.0,0.0,0.0,Gibbons_Creek_1,Coal-Sub,North,Coal-Sub_ST,2020,4383.0
Permian_Basin_3,2025011512,0.0,0.0,0.0,0.0,Permian_Basin_3,NG,West,NG_OCGT,2020,4383.0
Odessa_Ector_Generating_Station_1,2025011600,0.0,0.0,0.0,0.0,Odessa_Ector_Generating_Station_1,NG,West,NG_CCGT,2020,4383.0
Hydro_South_LZ,2025011600,0.0,67.7,296.7291,516308.634,Hydro_South_LZ,Water,South,Hydro_HYDRO,2020,4383.0
Panhandle_Wind_2_U1,2025011512,0.0,47.1,206.4393,0.0,Panhandle_Wind_2_U1,Wind,West,Wind_WT,2020,4383.0
Tenaska_Gateway_Station,2025011512,0.0,0.0,0.0,0.0,Tenaska_Gateway_Station,NG,North,NG_CCGT,2020,4383.0
Panhandle_Wind_2_U1,2025011600,0.0,47.1,206.4393,0.0,Panhandle_Wind_2_U1,Wind,West,Wind_WT,2020,4383.0
Big_Brown_1,2025011512,0.0,0.0,0.0,0.0,Big_Brown_1,Coal-Lig,North,Coal-Lig_ST,2020,4383.0
Jack_County_Generation_Facility_1,2025011600,0.0,0.0,0.0,0.0,Jack_County_Generation_Facility_1,NG,North,NG_CCGT,2020,4383.0
Notrees_Battery_Facility,2025011600,0.0,36.0,157.788,0.0,Notrees_Battery_Facility,Storage,West,Storage_BATT,2020,4383.0
V_H_Braunig_8,2025011600,0.0,0.0,0.0,0.0,V_H_Braunig_8,NG,South,NG_OCGT,2020,4383.0
Midlothian_1,2025011600,0.0,0.0,0.0,0.0,Midlothian_1,NG,North,NG_CCGT,2020,4383.0
Freestone_Energy_Center_1,2025011600,2453606.59898,957.3,4195.8459,19846351.107,Freestone_Energy_Center_1,NG,North,NG_CCGT,2020,4383.0
Pecos_Wind_(Woodward_2),2025011512,0.0,38.6,169.1838,0.0,Pecos_Wind_(Woodward_2),Wind,West,Wind_WT,2020,4383.0
Texas_Big_Spring_Wind_B,2025011600,0.0,0.0,0.0,0.0,Texas_Big_Spring_Wind_B,Wind,West,Wind_WT,2020,4383.0
Tenaska_Frontier_Station,2025011512,0.0,0.0,0.0,0.0,Tenaska_Frontier_Station,NG,Houston,NG_CCGT,2020,4383.0
Stephens_Ranch_Wind_2,2025011600,0.0,0.0,0.0,0.0,Stephens_Ranch_Wind_2,Wind,West,Wind_WT,2020,4383.0
Sweetwater_Wind_4-4B,2025011600,0.0,0.0,0.0,0.0,Sweetwater_Wind_4-4B,Wind,West,Wind_WT,2020,4383.0
Camp_Springs_Wind_1,2025011600,0.0,65.25,285.99075,0.0,Camp_Springs_Wind_1,Wind,West,Wind_WT,2020,4383.0
Mountain_Creek_7,2025011512,463260.283678,118.0,517.194,2446327.62,Mountain_Creek_7,NG,North,NG_ST,2020,4383.0
Morgan_Creek_5,2025011512,0.0,0.0,0.0,0.0,Morgan_Creek_5,NG,West,NG_OCGT,2020,4383.0
T_H_Wharton_3,2025011512,0.0,0.0,0.0,0.0,T_H_Wharton_3,NG,Houston,NG_CCGT,2020,4383.0
W_A_Parish_2,2025011512,0.0,0.0,0.0,0.0,W_A_Parish_2,NG,Houston,NG_ST,2020,4383.0
Trinity_Hills_Wind_1,2025011512,0.0,58.75,257.50125,0.0,Trinity_Hills_Wind_1,Wind,North,Wind_WT,2020,4383.0
Desert_Sky_Wind_Farm_2,2025011512,0.0,38.25,167.64975,0.0,Desert_Sky_Wind_Farm_2,Wind,West,Wind_WT,2020,4383.0
Decker_Creek_1,2025011512,1117220.18522,315.0,1380.645,6530450.85,Decker_Creek_1,NG,AEN,NG_ST,2020,4383.0
Bryan_Atkins_7,2025011512,0.0,0.0,0.0,0.0,Bryan_Atkins_7,NG,North,NG_OCGT,2020,4383.0
Powerlane_Plant_1,2025011512,98838.8740094,20.0,87.66,414631.8,Powerlane_Plant_1,NG,North,NG_ST,2020,4383.0
Graham_2,2025011600,0.0,0.0,0.0,0.0,Graham_2,NG,West,NG_ST,2020,4383.0
Sweetwater_Wind_2B,2025011512,0.0,48.75,213.67125,0.0,Sweetwater_Wind_2B,Wind,West,Wind_WT,2020,4383.0
W_A_Parish_7,2025011600,0.0,0.0,0.0,0.0,W_A_Parish_7,Coal-Sub,Houston,Coal-Sub_ST,2020,4383.0
V_H_Braunig_3,2025011600,0.0,0.0,0.0,0.0,V_H_Braunig_3,NG,South,NG_ST,2020,4383.0
T_H_Wharton_GT_56,2025011600,0.0,0.0,0.0,0.0,T_H_Wharton_GT_56,NG,Houston,NG_OCGT,2020,4383.0
Sam_Rayburn_10,2025011512,0.0,0.0,0.0,0.0,Sam_Rayburn_10,NG,South,NG_CCGT,2020,4383.0
Pearsall_IC_Engine_Plant_A,2025011600,0.0,0.0,0.0,0.0,Pearsall_IC_Engine_Plant_A,NG,South,NG_IC,2020,4383.0
Papalote_Creek_Wind_Farm,2025011512,0.0,89.95,394.25085,0.0,Papalote_Creek_Wind_Farm,Wind-C,South,Wind-C_WT,2020,4383.0
Winchester_Power_Park_3,2025011512,0.0,0.0,0.0,0.0,Winchester_Power_Park_3,NG,LCRA,NG_OCGT,2020,4383.0
Greens_Bayou_83,2025011512,0.0,0.0,0.0,0.0,Greens_Bayou_83,NG,Houston,NG_OCGT,2020,4383.0
South_Plains_Wind_1,2025011512,0.0,51.0,223.533,0.0,South_Plains_Wind_1,Wind,West,Wind_WT,2020,4383.0
T_H_Wharton_GT_53,2025011512,0.0,0.0,0.0,0.0,T_H_Wharton_GT_53,NG,Houston,NG_OCGT,2020,4383.0
R_W_Miller_1,2025011512,0.0,0.0,0.0,0.0,R_W_Miller_1,NG,North,NG_ST,2020,4383.0
Handley_3,2025011512,1843290.46848,395.0,1731.285,8188978.05,Handley_3,NG,North,NG_ST,2020,4383.0
Fayette_Power_Project_1,2025011600,0.0,0.0,0.0,0.0,Fayette_Power_Project_1,Coal-Sub,AEN,Coal-Sub_ST,2020,4383.0
Victoria_Power_Station,2025011600,0.0,0.0,0.0,0.0,Victoria_Power_Station,NG,South,NG_CCGT,2020,4383.0
Sand_Hill_Energy_Center_GT_2,2025011600,0.0,0.0,0.0,0.0,Sand_Hill_Energy_Center_GT_2,NG,AEN,NG_OCGT,2020,4383.0
Bobcat_Bluff_Wind,2025011600,0.0,75.0,328.725,0.0,Bobcat_Bluff_Wind,Wind,North,Wind_WT,2020,4383.0
Ray_Olinger_2,2025011600,0.0,0.0,0.0,0.0,Ray_Olinger_2,NG,North,NG_ST,2020,4383.0
Horse_Hollow_Wind_3,2025011512,0.0,104.0,455.832,0.0,Horse_Hollow_Wind_3,Wind,West,Wind_WT,2020,4383.0
Texas_Gulf_Sulphur_(New_Gulf),2025011512,0.0,0.0,0.0,0.0,Texas_Gulf_Sulphur_(New_Gulf),NG,Houston,NG_OCGT-CHP,2020,4383.0
Spinning_Spur_Wind_Two,2025011512,0.0,80.5,352.8315,0.0,Spinning_Spur_Wind_Two,Wind,West,Wind_WT,2020,4383.0
W_A_Parish_5,2025011600,0.0,0.0,0.0,0.0,W_A_Parish_5,Coal-Sub,Houston,Coal-Sub_ST,2020,4383.0
Morgan_Creek_2,2025011512,0.0,0.0,0.0,0.0,Morgan_Creek_2,NG,West,NG_OCGT,2020,4383.0
Capricorn_Ridge_Wind_4,2025011600,0.0,56.25,246.54375,0.0,Capricorn_Ridge_Wind_4,Wind,West,Wind_WT,2020,4383.0
Decker_Creek_2,2025011512,1535273.2959,420.0,1840.86,8707267.8,Decker_Creek_2,NG,AEN,NG_ST,2020,4383.0
V_H_Braunig_7,2025011512,0.0,0.0,0.0,0.0,V_H_Braunig_7,NG,South,NG_OCGT,2020,4383.0
Fayette_Power_Project_2,2025011512,0.0,0.0,0.0,0.0,Fayette_Power_Project_2,Coal-Sub,LCRA,Coal-Sub_ST,2020,4383.0
Mesquite_Creek_Wind_1,2025011512,0.0,52.8,231.4224,0.0,Mesquite_Creek_Wind_1,Wind,West,Wind_WT,2020,4383.0
Lost_Pines_1,2025011600,0.0,0.0,0.0,0.0,Lost_Pines_1,NG,LCRA,NG_CCGT,2020,4383.0
W_A_Parish_T1,2025011600,0.0,0.0,0.0,0.0,W_A_Parish_T1,NG,Houston,NG_OCGT,2020,4383.0
Pearsall_3,2025011600,0.0,0.0,0.0,0.0,Pearsall_3,NG,South,NG_ST,2020,4383.0
SunEdison_Rabel_Road_Solar,2025011512,0.0,4.95,21.69585,7810.506,SunEdison_Rabel_Road_Solar,Solar,South,Solar_PV,2020,4383.0
OCI_Alamo_2-St._Hedwig_Solar,2025011512,0.0,2.2,9.6426,3471.336,OCI_Alamo_2-St._Hedwig_Solar,Solar,South,Solar_PV,2020,4383.0
Monticello_U3,2025011512,0.0,0.0,0.0,0.0,Monticello_U3,Coal-Sub,North,Coal-Sub_ST,2020,4383.0
Permian_Basin_5,2025011600,0.0,0.0,0.0,0.0,Permian_Basin_5,NG,West,NG_OCGT,2020,4383.0
Frontera_1,2025011600,0.0,0.0,0.0,0.0,Frontera_1,NG,South,NG_CCGT,2020,4383.0
Logan's_Gap_Wind_I_U2,2025011600,0.0,53.15,232.95645,0.0,Logan's_Gap_Wind_I_U2,Wind,North,Wind_WT,2020,4383.0
South_Plains_Wind_2,2025011512,0.0,49.0,214.767,0.0,South_Plains_Wind_2,Wind,West,Wind_WT,2020,4383.0
Winchester_Power_Park_1,2025011600,0.0,0.0,0.0,0.0,Winchester_Power_Park_1,NG,LCRA,NG_OCGT,2020,4383.0
Renewable_Energy_Alternatives_CCS1,2025011600,0.0,1.0,4.383,1577.88,Renewable_Energy_Alternatives_CCS1,Solar,North,Solar_PV,2020,4383.0
Panda_Temple_II_CTG1,2025011512,459416.719344,191.2,838.0296,3963880.008,Panda_Temple_II_CTG1,NG,North,NG_CCGT,2020,4383.0
Stanton_Wind_Energy,2025011600,0.0,0.0,0.0,0.0,Stanton_Wind_Energy,Wind,West,Wind_WT,2020,4383.0
Winchester_Power_Park_4,2025011512,0.0,0.0,0.0,0.0,Winchester_Power_Park_4,NG,LCRA,NG_OCGT,2020,4383.0
Forney_Energy_Center_2,2025011600,2284541.74454,911.0,3992.913,18886478.49,Forney_Energy_Center_2,NG,North,NG_CCGT,2020,4383.0
Morgan_Creek_6,2025011600,0.0,0.0,0.0,0.0,Morgan_Creek_6,NG,West,NG_OCGT,2020,4383.0
Panhandle_Wind_1_U2,2025011512,0.0,54.6,239.3118,0.0,Panhandle_Wind_1_U2,Wind,West,Wind_WT,2020,4383.0
Cedro_Hill_Wind_1,2025011600,0.0,37.5,164.3625,0.0,Cedro_Hill_Wind_1,Wind,South,Wind_WT,2020,4383.0
Austin_Area_LFG,2025011512,0.0,6.4,28.0512,69847.488,Austin_Area_LFG,Biogas,AEN,Biogas_IC,2020,4383.0
Buffalo_Gap_Wind_Farm_1,2025011600,0.0,60.3,264.2949,0.0,Buffalo_Gap_Wind_Farm_1,Wind,West,Wind_WT,2020,4383.0
Keechi_Wind_138_KV_Joplin,2025011512,0.0,55.0,241.065,0.0,Keechi_Wind_138_KV_Joplin,Wind,North,Wind_WT,2020,4383.0
Silver_Star_Wind,2025011600,0.0,30.0,131.49,0.0,Silver_Star_Wind,Wind,North,Wind_WT,2020,4383.0
Mesquite_Creek_Wind_2,2025011512,0.0,52.8,231.4224,0.0,Mesquite_Creek_Wind_2,Wind,West,Wind_WT,2020,4383.0
Ingleside_Cogeneration,2025011512,1304400.47796,478.4,2096.8272,9917992.656,Ingleside_Cogeneration,NG,South,NG_CCGT-CHP,2020,4383.0
Ennis_Power_Station_1,2025011600,710147.166844,312.0,1367.496,6468256.08,Ennis_Power_Station_1,NG,North,NG_CCGT,2020,4383.0
Green_Mountain_Wind_(Brazos)_U2,2025011600,0.0,30.5,133.6815,0.0,Green_Mountain_Wind_(Brazos)_U2,Wind,West,Wind_WT,2020,4383.0
Stryker_Creek_1,2025011600,0.0,0.0,0.0,0.0,Stryker_Creek_1,NG,North,NG_ST,2020,4383.0
Silas_Ray_10,2025011600,0.0,0.0,0.0,0.0,Silas_Ray_10,NG,South,NG_OCGT,2020,4383.0
Notrees_Wind_Farm_1,2025011600,0.0,46.3,202.9329,0.0,Notrees_Wind_Farm_1,Wind,West,Wind_WT,2020,4383.0
King_Mountain_Wind_NE,2025011512,0.0,39.65,173.78595,0.0,King_Mountain_Wind_NE,Wind,West,Wind_WT,2020,4383.0
San_Antonio_Area_LFG,2025011512,0.0,26.8,117.4644,292486.356,San_Antonio_Area_LFG,Biogas,CPS,Biogas_IC,2020,4383.0
V_H_Braunig_1,2025011600,0.0,0.0,0.0,0.0,V_H_Braunig_1,NG,South,NG_ST,2020,4383.0
Green_Mountain_Wind_(Brazos)_U1,2025011512,0.0,49.5,216.9585,0.0,Green_Mountain_Wind_(Brazos)_U1,Wind,West,Wind_WT,2020,4383.0
SunEdison_Valley_Road_Solar,2025011512,0.0,4.95,21.69585,7810.506,SunEdison_Valley_Road_Solar,Solar,South,Solar_PV,2020,4383.0
Longhorn_Wind_North_U1,2025011512,0.0,50.0,219.15,0.0,Longhorn_Wind_North_U1,Wind,West,Wind_WT,2020,4383.0
Jumbo_Road_Wind_2,2025011600,0.0,76.8,336.6144,0.0,Jumbo_Road_Wind_2,Wind,West,Wind_WT,2020,4383.0
Monticello_U1,2025011600,0.0,0.0,0.0,0.0,Monticello_U1,Coal-Sub,North,Coal-Sub_ST,2020,4383.0
San_Jacinto_SES_CTG_1,2025011512,0.0,0.0,0.0,0.0,San_Jacinto_SES_CTG_1,NG,Houston,NG_OCGT,2020,4383.0
Quail_Run_Energy_1,2025011600,0.0,0.0,0.0,0.0,Quail_Run_Energy_1,NG,West,NG_CCGT,2020,4383.0
Loraine_Windpark_IV,2025011512,0.0,12.0,52.596,0.0,Loraine_Windpark_IV,Wind,West,Wind_WT,2020,4383.0
Gregory_Power_Facility,2025011600,0.0,0.0,0.0,0.0,Gregory_Power_Facility,NG,South,NG_CCGT-CHP,2020,4383.0
Tenaska_Kiamichi_Station_2,2025011600,0.0,0.0,0.0,0.0,Tenaska_Kiamichi_Station_2,NG,North,NG_CCGT,2020,4383.0
Greenville_Powerlane_IC2,2025011512,27945.669155,8.4,36.8172,174145.356,Greenville_Powerlane_IC2,NG,North,NG_IC,2020,4383.0
Hydro_North_LZ,2025011512,0.0,51.6,226.1628,393523.272,Hydro_North_LZ,Water,North,Hydro_HYDRO,2020,4383.0
Buffalo_Gap_Wind_Farm_2_2,2025011512,0.0,58.5,256.4055,0.0,Buffalo_Gap_Wind_Farm_2_2,Wind,West,Wind_WT,2020,4383.0
Magic_Valley_Station,2025011512,1673405.25753,670.2,2937.4866,13894311.618,Magic_Valley_Station,NG,South,NG_CCGT,2020,4383.0
Panda_Temple_II_CTG2,2025011512,459416.719344,191.2,838.0296,3963880.008,Panda_Temple_II_CTG2,NG,North,NG_CCGT,2020,4383.0
Sand_Hill_Energy_Center_GT_7,2025011512,0.0,0.0,0.0,0.0,Sand_Hill_Energy_Center_GT_7,NG,AEN,NG_OCGT,2020,4383.0
Martin_Lake_3,2025011512,0.0,0.0,0.0,0.0,Martin_Lake_3,Coal-Sub,North,Coal-Sub_ST,2020,4383.0
Hidalgo_1,2025011512,1118795.86432,458.0,2007.414,9495068.22,Hidalgo_1,NG,South,NG_CCGT,2020,4383.0
Sweetwater_Wind_4-4A,2025011600,0.0,0.0,0.0,0.0,Sweetwater_Wind_4-4A,Wind,West,Wind_WT,2020,4383.0
Laredo_Peaking_5,2025011512,299205.31206,87.3,382.6359,1809867.807,Laredo_Peaking_5,NG,South,NG_OCGT,2020,4383.0
Camp_Springs_Wind_2,2025011600,0.0,60.0,262.98,0.0,Camp_Springs_Wind_2,Wind,West,Wind_WT,2020,4383.0
Panhandle_Wind_1_U1,2025011512,0.0,54.6,239.3118,0.0,Panhandle_Wind_1_U1,Wind,West,Wind_WT,2020,4383.0
Handley_4,2025011512,2029952.7944,435.0,1906.605,9018241.65,Handley_4,NG,North,NG_ST,2020,4383.0
DeCordova_2,2025011512,0.0,0.0,0.0,0.0,DeCordova_2,NG,North,NG_OCGT,2020,4383.0
Houston_Chemical_Complex_Battleground,2025011600,0.0,0.0,0.0,0.0,Houston_Chemical_Complex_Battleground,NG,Houston,NG_CCGT-CHP,2020,4383.0
Limestone_1,2025011600,0.0,0.0,0.0,0.0,Limestone_1,Coal-Sub,North,Coal-Sub_ST,2020,4383.0
Dansby_2,2025011512,0.0,0.0,0.0,0.0,Dansby_2,NG,North,NG_OCGT,2020,4383.0
Sam_Rayburn_GT_1,2025011600,0.0,0.0,0.0,0.0,Sam_Rayburn_GT_1,NG,South,NG_OCGT,2020,4383.0
Miami_Wind_G2,2025011512,0.0,72.15,316.23345,0.0,Miami_Wind_G2,Wind,West,Wind_WT,2020,4383.0
Sweetwater_Wind_3A,2025011512,0.0,14.25,62.45775,0.0,Sweetwater_Wind_3A,Wind,West,Wind_WT,2020,4383.0
ExTex_La_Porte_Power_Station_AirPro_3,2025011600,0.0,0.0,0.0,0.0,ExTex_La_Porte_Power_Station_AirPro_3,NG,Houston,NG_OCGT,2020,4383.0
Sherbino_2_Wind,2025011512,0.0,73.75,323.24625,0.0,Sherbino_2_Wind,Wind,West,Wind_WT,2020,4383.0
Blue_Wing_2_Solar,2025011600,0.0,3.65,15.99795,5759.262,Blue_Wing_2_Solar,Solar,South,Solar_PV,2020,4383.0
R_W_Miller_5,2025011600,0.0,0.0,0.0,0.0,R_W_Miller_5,NG,North,NG_OCGT,2020,4383.0
T_H_Wharton_GT_55,2025011600,0.0,0.0,0.0,0.0,T_H_Wharton_GT_55,NG,Houston,NG_OCGT,2020,4383.0
Webberville_Solar,2025011600,0.0,13.35,58.51305,21064.698,Webberville_Solar,Solar,AEN,Solar_PV,2020,4383.0
Lamar_Power_Project_1,2025011512,2566273.24686,1040.0,4558.32,21560853.6,Lamar_Power_Project_1,NG,North,NG_CCGT,2020,4383.0
Trinity_Hills_Wind_2,2025011512,0.0,53.75,235.58625,0.0,Trinity_Hills_Wind_2,Wind,North,Wind_WT,2020,4383.0
Forest_Creek_Wind_Farm,2025011600,0.0,62.1,272.1843,0.0,Forest_Creek_Wind_Farm,Wind,West,Wind_WT,2020,4383.0
Longhorn_Wind_North_U2,2025011512,0.0,50.0,219.15,0.0,Longhorn_Wind_North_U2,Wind,West,Wind_WT,2020,4383.0
Sandow_U5,2025011512,0.0,0.0,0.0,0.0,Sandow_U5,Coal-Lig,South,Coal-Lig_ST,2020,4383.0
Limestone_2,2025011600,0.0,0.0,0.0,0.0,Limestone_2,Coal-Lig,North,Coal-Lig_ST,2020,4383.0
San_Jacinto_SES_CTG_2,2025011512,0.0,0.0,0.0,0.0,San_Jacinto_SES_CTG_2,NG,Houston,NG_OCGT,2020,4383.0
R_W_Miller_3,2025011600,0.0,0.0,0.0,0.0,R_W_Miller_3,NG,North,NG_ST,2020,4383.0
King_Mountain_Wind_NW,2025011512,0.0,39.65,173.78595,0.0,King_Mountain_Wind_NW,Wind,West,Wind_WT,2020,4383.0
W_A_Parish_8,2025011512,0.0,0.0,0.0,0.0,W_A_Parish_8,Coal-Sub,Houston,Coal-Sub_ST,2020,4383.0
Channelview_Cogen_Plant,2025011600,0.0,0.0,0.0,0.0,Channelview_Cogen_Plant,NG,Houston,NG_CCGT-CHP,2020,4383.0
Pearsall_IC_Engine_Plant_D,2025011600,0.0,0.0,0.0,0.0,Pearsall_IC_Engine_Plant_D,NG,South,NG_IC,2020,4383.0
South_Trent_Wind_Farm,2025011600,0.0,0.0,0.0,0.0,South_Trent_Wind_Farm,Wind,West,Wind_WT,2020,4383.0
Nacogdoches_Power,2025011600,0.0,105.0,460.215,1145935.35,Nacogdoches_Power,Biomass,North,Biomass_ST,2020,4383.0
Spencer_5,2025011600,0.0,0.0,0.0,0.0,Spencer_5,NG,North,NG_ST,2020,4383.0
Barton_Chapel_Wind,2025011512,0.0,60.0,262.98,0.0,Barton_Chapel_Wind,Wind,North,Wind_WT,2020,4383.0
Blue_Summit_Wind_6,2025011600,0.0,63.2,277.0056,0.0,Blue_Summit_Wind_6,Wind,West,Wind_WT,2020,4383.0
Papalote_Creek_Wind_Farm_II,2025011600,0.0,100.05,438.51915,0.0,Papalote_Creek_Wind_Farm_II,Wind-C,South,Wind-C_WT,2020,4383.0
Leon_Creek_Peaking_2,2025011600,0.0,0.0,0.0,0.0,Leon_Creek_Peaking_2,NG,South,NG_OCGT,2020,4383.0
Johnson_County,2025011512,767161.175025,269.0,1179.027,5576797.71,Johnson_County,NG,North,NG_CCGT,2020,4383.0
West_Texas_Wind_Energy,2025011512,0.0,40.15,175.97745,0.0,West_Texas_Wind_Energy,Wind,West,Wind_WT,2020,4383.0
J_K_Spruce_1,2025011512,2927780.75381,560.0,2454.48,15536858.4,J_K_Spruce_1,Coal-Sub,CPS,Coal-Sub_ST,2020,4383.0
Buffalo_Gap_Wind_Farm_3,2025011600,0.0,85.1,372.9933,0.0,Buffalo_Gap_Wind_Farm_3,Wind,West,Wind_WT,2020,4383.0
OCI_Alamo_3-Walzem_Solar,2025011512,0.0,2.75,12.05325,4339.17,OCI_Alamo_3-Walzem_Solar,Solar,South,Solar_PV,2020,4383.0
Capricorn_Ridge_Wind_2,2025011512,0.0,93.0,407.619,0.0,Capricorn_Ridge_Wind_2,Wind,West,Wind_WT,2020,4383.0
"Barilla_Solar_(FS,_Pecos)",2025011600,0.0,0.0,0.0,0.0,"Barilla_Solar_(FS,_Pecos)",Solar,West,Solar_PV,2020,4383.0
Shannon_Wind,2025011512,0.0,100.0,438.3,0.0,Shannon_Wind,Wind,West,Wind_WT,2020,4383.0
Greens_Bayou_83,2025011600,0.0,0.0,0.0,0.0,Greens_Bayou_83,NG,Houston,NG_OCGT,2020,4383.0
Sweetwater_Wind_2A,2025011600,0.0,0.0,0.0,0.0,Sweetwater_Wind_2A,Wind,West,Wind_WT,2020,4383.0
Los_Vientos_Wind_II,2025011512,0.0,100.8,441.8064,0.0,Los_Vientos_Wind_II,Wind-C,South,Wind-C_WT,2020,4383.0
Green_Power_2,2025011600,0.0,0.0,0.0,0.0,Green_Power_2,NG,Houston,NG_CCGT-CHP,2020,4383.0
Greens_Bayou_74,2025011600,0.0,0.0,0.0,0.0,Greens_Bayou_74,NG,Houston,NG_OCGT,2020,4383.0
Cedar_Bayou_4,2025011512,1209455.06488,504.0,2209.032,10448721.36,Cedar_Bayou_4,NG,Houston,NG_CCGT,2020,4383.0
Buffalo_Gap_Wind_Farm_2_1,2025011600,0.0,57.75,253.11825,0.0,Buffalo_Gap_Wind_Farm_2_1,Wind,West,Wind_WT,2020,4383.0
Green_Pastures_Wind_1,2025011512,0.0,75.0,328.725,0.0,Green_Pastures_Wind_1,Wind,West,Wind_WT,2020,4383.0
Winchester_Power_Park_2,2025011600,0.0,0.0,0.0,0.0,Winchester_Power_Park_2,NG,LCRA,NG_OCGT,2020,4383.0
Sand_Hill_Energy_Center_GT_4,2025011600,0.0,0.0,0.0,0.0,Sand_Hill_Energy_Center_GT_4,NG,AEN,NG_OCGT,2020,4383.0
Windthorst_2,2025011600,0.0,33.8,148.1454,0.0,Windthorst_2,Wind,North,Wind_WT,2020,4383.0
Briscoe_Wind_Farm,2025011600,0.0,75.0,328.725,0.0,Briscoe_Wind_Farm,Wind,West,Wind_WT,2020,4383.0
Colorado_Bend_Energy_Center_1,2025011512,588891.026135,233.0,1021.239,4830460.47,Colorado_Bend_Energy_Center_1,NG,Houston,NG_CCGT,2020,4383.0
Decker_Creek_G3,2025011512,0.0,0.0,0.0,0.0,Decker_Creek_G3,NG,AEN,NG_OCGT,2020,4383.0
DeCordova_1,2025011600,0.0,0.0,0.0,0.0,DeCordova_1,NG,North,NG_OCGT,2020,4383.0
Route_66_Wind,2025011512,0.0,75.0,328.725,0.0,Route_66_Wind,Wind,West,Wind_WT,2020,4383.0
T_H_Wharton_GT_52,2025011512,0.0,0.0,0.0,0.0,T_H_Wharton_GT_52,NG,Houston,NG_OCGT,2020,4383.0
Sweetwater_Wind_1,2025011512,0.0,18.3,80.2089,0.0,Sweetwater_Wind_1,Wind,West,Wind_WT,2020,4383.0
Miami_Wind_G1,2025011600,0.0,72.15,316.23345,0.0,Miami_Wind_G1,Wind,West,Wind_WT,2020,4383.0
Hereford_Wind_G,2025011512,0.0,49.95,218.93085,0.0,Hereford_Wind_G,Wind,West,Wind_WT,2020,4383.0
Sweetwater_Wind_3B,2025011600,0.0,0.0,0.0,0.0,Sweetwater_Wind_3B,Wind,West,Wind_WT,2020,4383.0
Bayou_Cogen_Plant,2025011512,560267.53566,165.6,725.8248,3433151.304,Bayou_Cogen_Plant,NG,Houston,NG_OCGT-CHP,2020,4383.0
Morgan_Creek_3,2025011600,0.0,0.0,0.0,0.0,Morgan_Creek_3,NG,West,NG_OCGT,2020,4383.0
DeCordova_3,2025011512,0.0,0.0,0.0,0.0,DeCordova_3,NG,North,NG_OCGT,2020,4383.0
Panda_Temple_1,2025011600,0.0,0.0,0.0,0.0,Panda_Temple_1,NG,North,NG_CCGT,2020,4383.0
Stryker_Creek_2,2025011600,0.0,0.0,0.0,0.0,Stryker_Creek_2,NG,North,NG_ST,2020,4383.0
Panda_Temple_II_CTG2,2025011600,0.0,0.0,0.0,0.0,Panda_Temple_II_CTG2,NG,North,NG_CCGT,2020,4383.0
Twin_Oaks_2,2025011600,0.0,0.0,0.0,0.0,Twin_Oaks_2,Coal-Lig,North,Coal-Lig_ST,2020,4383.0
Permian_Basin_5,2025011512,0.0,0.0,0.0,0.0,Permian_Basin_5,NG,West,NG_OCGT,2020,4383.0
Pearsall_2,2025011512,0.0,0.0,0.0,0.0,Pearsall_2,NG,South,NG_ST,2020,4383.0
Twin_Oaks_1,2025011600,0.0,0.0,0.0,0.0,Twin_Oaks_1,Coal-Lig,North,Coal-Lig_ST,2020,4383.0
Monticello_U2,2025011600,0.0,0.0,0.0,0.0,Monticello_U2,Coal-Lig,North,Coal-Lig_ST,2020,4383.0
Hays_Energy_Facility_1,2025011600,0.0,0.0,0.0,0.0,Hays_Energy_Facility_1,NG,South,NG_CCGT,2020,4383.0
Trent_Wind_Farm,2025011512,0.0,75.0,328.725,0.0,Trent_Wind_Farm,Wind,West,Wind_WT,2020,4383.0
Colorado_Bend_Energy_Center_2,2025011512,588631.676338,235.0,1030.005,4871923.65,Colorado_Bend_Energy_Center_2,NG,Houston,NG_CCGT,2020,4383.0
Decker_Creek_G4,2025011512,0.0,0.0,0.0,0.0,Decker_Creek_G4,NG,AEN,NG_OCGT,2020,4383.0
Red_Canyon_Wind,2025011512,0.0,42.0,184.086,0.0,Red_Canyon_Wind,Wind,West,Wind_WT,2020,4383.0
Big_Brown_2,2025011600,0.0,0.0,0.0,0.0,Big_Brown_2,Coal-Sub,North,Coal-Sub_ST,2020,4383.0
Laredo_Peaking_4,2025011600,0.0,0.0,0.0,0.0,Laredo_Peaking_4,NG,South,NG_OCGT,2020,4383.0
DeCordova_4,2025011600,0.0,0.0,0.0,0.0,DeCordova_4,NG,North,NG_OCGT,2020,4383.0
Equistar_Corpus_Christi,2025011512,34764.017755,12.0,52.596,248779.08,Equistar_Corpus_Christi,NG,South,NG_OCGT-CHP,2020,4383.0
Greens_Bayou_5,2025011600,0.0,0.0,0.0,0.0,Greens_Bayou_5,NG,Houston,NG_ST,2020,4383.0
Blue_Summit_Wind_5,2025011600,0.0,4.5,19.7235,0.0,Blue_Summit_Wind_5,Wind,West,Wind_WT,2020,4383.0
Leon_Creek_Peaking_4,2025011600,0.0,0.0,0.0,0.0,Leon_Creek_Peaking_4,NG,South,NG_OCGT,2020,4383.0
Rio_Nogales_1,2025011600,0.0,0.0,0.0,0.0,Rio_Nogales_1,NG,South,NG_CCGT,2020,4383.0
Powerlane_Plant_3,2025011512,202619.691719,41.0,179.703,849995.19,Powerlane_Plant_3,NG,North,NG_ST,2020,4383.0
Comanche_Peak_U2,2025011512,0.0,1195.0,5237.685,6966121.05,Comanche_Peak_U2,Uranium,North,Uranium_ST,2020,4383.0
Penascal_Wind_2,2025011512,0.0,70.8,310.3164,0.0,Penascal_Wind_2,Wind-C,South,Wind-C_WT,2020,4383.0
Goat_Wind_2,2025011512,0.0,34.8,152.5284,0.0,Goat_Wind_2,Wind,West,Wind_WT,2020,4383.0
ExxonMobil_Baytown_Refinery,2025011512,21179.0886082,4.3,18.8469,89145.837,ExxonMobil_Baytown_Refinery,NG,Houston,NG_OCGT-CHP,2020,4383.0
Sand_Hill_Energy_Center_5a,2025011512,811280.401269,295.0,1292.985,6115819.05,Sand_Hill_Energy_Center_5a,NG,AEN,NG_CCGT,2020,4383.0
Green_Pastures_Wind_2,2025011600,0.0,75.0,328.725,0.0,Green_Pastures_Wind_2,Wind,West,Wind_WT,2020,4383.0
Pearsall_1,2025011512,0.0,0.0,0.0,0.0,Pearsall_1,NG,South,NG_ST,2020,4383.0
Grandview_1_(Conway)_GV1A,2025011600,0.0,53.7,235.3671,0.0,Grandview_1_(Conway)_GV1A,Wind,West,Wind_WT,2020,4383.0
T_H_Wharton_GT_51,2025011512,0.0,0.0,0.0,0.0,T_H_Wharton_GT_51,NG,Houston,NG_OCGT,2020,4383.0
Hydro_South_LZ,2025011512,0.0,67.7,296.7291,516308.634,Hydro_South_LZ,Water,South,Hydro_HYDRO,2020,4383.0
Silas_Ray_9,2025011512,0.0,0.0,0.0,0.0,Silas_Ray_9,NG,South,NG_CCGT,2020,4383.0
Powerlane_Plant_2,2025011512,128490.536212,26.0,113.958,539021.34,Powerlane_Plant_2,NG,North,NG_ST,2020,4383.0
Bull_Creek_Wind_Plant_U1,2025011600,0.0,44.0,192.852,0.0,Bull_Creek_Wind_Plant_U1,Wind,West,Wind_WT,2020,4383.0
Greenville_Powerlane_IC3,2025011600,28138.1145776,8.4,36.8172,174145.356,Greenville_Powerlane_IC3,NG,North,NG_IC,2020,4383.0
Midlothian_1,2025011512,2586564.18605,940.0,4120.02,19487694.6,Midlothian_1,NG,North,NG_CCGT,2020,4383.0
Twin_Oaks_1,2025011512,0.0,0.0,0.0,0.0,Twin_Oaks_1,Coal-Lig,North,Coal-Lig_ST,2020,4383.0
Pecos_Wind_(Woodward_2),2025011600,0.0,38.6,169.1838,0.0,Pecos_Wind_(Woodward_2),Wind,West,Wind_WT,2020,4383.0
Tenaska_Frontier_Station,2025011600,0.0,0.0,0.0,0.0,Tenaska_Frontier_Station,NG,Houston,NG_CCGT,2020,4383.0
Leon_Creek_Peaking_1,2025011600,0.0,0.0,0.0,0.0,Leon_Creek_Peaking_1,NG,South,NG_OCGT,2020,4383.0
Grandview_1_(Conway)_GV1B,2025011600,0.0,51.9,227.4777,0.0,Grandview_1_(Conway)_GV1B,Wind,West,Wind_WT,2020,4383.0
Morgan_Creek_4,2025011512,0.0,0.0,0.0,0.0,Morgan_Creek_4,NG,West,NG_OCGT,2020,4383.0
OCI_Alamo_4_Solar_(Bracketville),2025011600,0.0,18.8,82.4004,29664.144,OCI_Alamo_4_Solar_(Bracketville),Solar,South,Solar_PV,2020,4383.0
Mountain_Creek_7,2025011600,0.0,0.0,0.0,0.0,Mountain_Creek_7,NG,North,NG_ST,2020,4383.0
Snyder_Wind_Farm,2025011600,0.0,0.0,0.0,0.0,Snyder_Wind_Farm,Wind,West,Wind_WT,2020,4383.0
W_A_Parish_2,2025011600,0.0,0.0,0.0,0.0,W_A_Parish_2,NG,Houston,NG_ST,2020,4383.0
Langford_Wind_Power,2025011512,0.0,77.5,339.6825,0.0,Langford_Wind_Power,Wind,West,Wind_WT,2020,4383.0
Sim_Gideon_3,2025011512,0.0,0.0,0.0,0.0,Sim_Gideon_3,NG,LCRA,NG_ST,2020,4383.0
Dansby_3,2025011600,0.0,0.0,0.0,0.0,Dansby_3,NG,North,NG_OCGT,2020,4383.0
Morgan_Creek_1,2025011600,0.0,0.0,0.0,0.0,Morgan_Creek_1,NG,West,NG_OCGT,2020,4383.0
Powerlane_Plant_1,2025011600,0.0,0.0,0.0,0.0,Powerlane_Plant_1,NG,North,NG_ST,2020,4383.0
Bosque_County_CC_2,2025011512,581843.265692,230.3,1009.4049,4774485.177,Bosque_County_CC_2,NG,North,NG_CCGT,2020,4383.0
B_M_Davis_1,2025011600,0.0,0.0,0.0,0.0,B_M_Davis_1,NG,South,NG_ST,2020,4383.0
Bastrop_Energy_Center_1,2025011600,604128.433384,219.75,963.16425,4555766.9025,Bastrop_Energy_Center_1,NG,South,NG_CCGT,2020,4383.0
OCI_Alamo_1_Solar,2025011600,0.0,19.6,85.9068,30926.448,OCI_Alamo_1_Solar,Solar,South,Solar_PV,2020,4383.0
Comanche_Peak_U1,2025011600,0.0,1205.0,5281.515,7024414.95,Comanche_Peak_U1,Uranium,North,Uranium_ST,2020,4383.0
Javelina_Wind_Energy,2025011512,0.0,125.0,547.875,0.0,Javelina_Wind_Energy,Wind,South,Wind_WT,2020,4383.0
W_A_Parish_7,2025011512,0.0,0.0,0.0,0.0,W_A_Parish_7,Coal-Sub,Houston,Coal-Sub_ST,2020,4383.0
Hereford_Wind_V,2025011512,0.0,50.0,219.15,0.0,Hereford_Wind_V,Wind,West,Wind_WT,2020,4383.0
Lake_Hubbard_2,2025011512,2157674.20399,523.0,2292.309,10842621.57,Lake_Hubbard_2,NG,North,NG_ST,2020,4383.0
Turkey_Track_Wind_Energy_Center,2025011512,0.0,84.75,371.45925,0.0,Turkey_Track_Wind_Energy_Center,Wind,West,Wind_WT,2020,4383.0
ExTex_La_Porte_Power_Station_AirPro_4,2025011512,0.0,0.0,0.0,0.0,ExTex_La_Porte_Power_Station_AirPro_4,NG,Houston,NG_OCGT,2020,4383.0
Coleto_Creek,2025011600,0.0,0.0,0.0,0.0,Coleto_Creek,Coal-Sub,South,Coal-Sub_ST,2020,4383.0
Sand_Hill_Energy_Center_GT_3,2025011600,0.0,0.0,0.0,0.0,Sand_Hill_Energy_Center_GT_3,NG,AEN,NG_OCGT,2020,4383.0
Sandow_U4,2025011600,0.0,0.0,0.0,0.0,Sandow_U4,Coal-Lig,South,Coal-Lig_ST,2020,4383.0
Optim_Energy_Altura_Cogen,2025011512,1922830.11985,478.8,2098.5804,9926285.292,Optim_Energy_Altura_Cogen,NG,Houston,NG_CCGT-CHP,2020,4383.0
Lone_Star_Wind_2_(Post_Oak)_U2,2025011512,0.0,50.0,219.15,0.0,Lone_Star_Wind_2_(Post_Oak)_U2,Wind,North,Wind_WT,2020,4383.0
ExTex_La_Porte_Power_Station_AirPro_1,2025011512,0.0,0.0,0.0,0.0,ExTex_La_Porte_Power_Station_AirPro_1,NG,Houston,NG_OCGT,2020,4383.0
Corpus_Christi_Energy_Center,2025011512,1139988.79685,460.5,2018.3715,9546897.195,Corpus_Christi_Energy_Center,NG,South,NG_CCGT-CHP,2020,4383.0
Panther_Creek_3,2025011600,0.0,99.75,437.20425,0.0,Panther_Creek_3,Wind,West,Wind_WT,2020,4383.0
Spinning_Spur_3_Wind_2,2025011600,0.0,0.0,0.0,0.0,Spinning_Spur_3_Wind_2,Wind,West,Wind_WT,2020,4383.0
Baytown_Energy_Center,2025011512,2532013.0088,794.8,3483.6084,16477467.732,Baytown_Energy_Center,NG,Houston,NG_CCGT-CHP,2020,4383.0
Sand_Bluff_Wind_Farm,2025011600,0.0,0.0,0.0,0.0,Sand_Bluff_Wind_Farm,Wind,West,Wind_WT,2020,4383.0
Loraine_Windpark_III,2025011512,0.0,12.75,55.88325,0.0,Loraine_Windpark_III,Wind,West,Wind_WT,2020,4383.0
Horse_Hollow_Wind_2,2025011512,0.0,79.0,346.257,0.0,Horse_Hollow_Wind_2,Wind,West,Wind_WT,2020,4383.0
Blue_Wing_1_Solar,2025011512,0.0,3.8,16.6554,5995.944,Blue_Wing_1_Solar,Solar,South,Solar_PV,2020,4383.0
Bobcat_Bluff_Wind,2025011512,0.0,75.0,328.725,0.0,Bobcat_Bluff_Wind,Wind,North,Wind_WT,2020,4383.0
Whitetail_Wind_Energy,2025011512,0.0,45.5,199.4265,0.0,Whitetail_Wind_Energy,Wind,South,Wind_WT,2020,4383.0
Texas_Gulf_Sulphur_(New_Gulf),2025011600,0.0,0.0,0.0,0.0,Texas_Gulf_Sulphur_(New_Gulf),NG,Houston,NG_OCGT-CHP,2020,4383.0
Pyron_Wind_Farm,2025011600,0.0,57.975,254.104425,0.0,Pyron_Wind_Farm,Wind,West,Wind_WT,2020,4383.0
Ferguson_Replacement,2025011512,1224951.06444,509.8,2234.4534,10568964.582,Ferguson_Replacement,NG,LCRA,NG_CCGT,2020,4383.0
Inadale_Wind,2025011600,0.0,98.3,430.8489,0.0,Inadale_Wind,Wind,West,Wind_WT,2020,4383.0
V_H_Braunig_6,2025011512,0.0,0.0,0.0,0.0,V_H_Braunig_6,NG,South,NG_OCGT,2020,4383.0
Decker_Creek_2,2025011600,733001.613476,200.525,878.901075,4157202.08475,Decker_Creek_2,NG,AEN,NG_ST,2020,4383.0
Panda_Sherman,2025011512,1722812.69754,717.0,3142.611,14864550.03,Panda_Sherman,NG,North,NG_CCGT,2020,4383.0
Greens_Bayou_73,2025011512,0.0,0.0,0.0,0.0,Greens_Bayou_73,NG,Houston,NG_OCGT,2020,4383.0
Indian_Mesa_Wind_Farm,2025011600,0.0,41.25,180.79875,0.0,Indian_Mesa_Wind_Farm,Wind,West,Wind_WT,2020,4383.0
Fayette_Power_Project_2,2025011600,0.0,0.0,0.0,0.0,Fayette_Power_Project_2,Coal-Sub,LCRA,Coal-Sub_ST,2020,4383.0
Paris_Energy_Center_1,2025011600,0.0,0.0,0.0,0.0,Paris_Energy_Center_1,NG,North,NG_CCGT,2020,4383.0
Arthur_Von_Rosenberg_1,2025011600,0.0,0.0,0.0,0.0,Arthur_Von_Rosenberg_1,NG,South,NG_CCGT,2020,4383.0
Lake_Hubbard_1,2025011512,1624881.0417,392.0,1718.136,8126783.28,Lake_Hubbard_1,NG,North,NG_ST,2020,4383.0
OCI_Alamo_2-St._Hedwig_Solar,2025011600,0.0,2.2,9.6426,3471.336,OCI_Alamo_2-St._Hedwig_Solar,Solar,South,Solar_PV,2020,4383.0
Bull_Creek_Wind_Plant_U2,2025011512,0.0,45.0,197.235,0.0,Bull_Creek_Wind_Plant_U2,Wind,West,Wind_WT,2020,4383.0
Panhandle_Wind_2_U2,2025011600,0.0,48.3,211.6989,0.0,Panhandle_Wind_2_U2,Wind,West,Wind_WT,2020,4383.0
Frontera_1,2025011512,1221547.03999,524.0,2296.692,10863353.16,Frontera_1,NG,South,NG_CCGT,2020,4383.0
R_W_Miller_2,2025011600,0.0,0.0,0.0,0.0,R_W_Miller_2,NG,North,NG_ST,2020,4383.0
South_Plains_Wind_2,2025011600,0.0,0.0,0.0,0.0,South_Plains_Wind_2,Wind,West,Wind_WT,2020,4383.0
Midlothian_2,2025011600,0.0,0.0,0.0,0.0,Midlothian_2,NG,North,NG_CCGT,2020,4383.0
Lone_Star_Wind_2_(Post_Oak)_U1,2025011512,0.0,50.0,219.15,0.0,Lone_Star_Wind_2_(Post_Oak)_U1,Wind,North,Wind_WT,2020,4383.0
Gulf_Wind_II,2025011600,0.0,70.8,310.3164,0.0,Gulf_Wind_II,Wind-C,South,Wind-C_WT,2020,4383.0
Martin_Lake_1,2025011512,0.0,0.0,0.0,0.0,Martin_Lake_1,Coal-Lig,North,Coal-Lig_ST,2020,4383.0
Greenville_Powerlane_IC1,2025011600,28150.6827925,8.4,36.8172,174145.356,Greenville_Powerlane_IC1,NG,North,NG_IC,2020,4383.0
Jumbo_Road_Wind_1,2025011600,0.0,73.1,320.3973,0.0,Jumbo_Road_Wind_1,Wind,West,Wind_WT,2020,4383.0
TSTC_West_Texas_Wind,2025011512,0.0,1.0,4.383,0.0,TSTC_West_Texas_Wind,Wind,West,Wind_WT,2020,4383.0
Leon_Creek_Peaking_3,2025011600,0.0,0.0,0.0,0.0,Leon_Creek_Peaking_3,NG,South,NG_OCGT,2020,4383.0
Cedro_Hill_Wind_1,2025011512,0.0,37.5,164.3625,0.0,Cedro_Hill_Wind_1,Wind,South,Wind_WT,2020,4383.0
Goldthwaite_Wind_1,2025011512,0.0,74.3,325.6569,0.0,Goldthwaite_Wind_1,Wind,North,Wind_WT,2020,4383.0
Silver_Star_Wind,2025011512,0.0,30.0,131.49,0.0,Silver_Star_Wind,Wind,North,Wind_WT,2020,4383.0
Blue_Summit_Wind_6,2025011512,0.0,63.2,277.0056,0.0,Blue_Summit_Wind_6,Wind,West,Wind_WT,2020,4383.0
Goat_Wind,2025011600,0.0,40.0,175.32,0.0,Goat_Wind,Wind,West,Wind_WT,2020,4383.0
W_A_Parish_4,2025011600,0.0,0.0,0.0,0.0,W_A_Parish_4,NG,Houston,NG_ST,2020,4383.0
Ennis_Power_Station_1,2025011512,710147.166844,312.0,1367.496,6468256.08,Ennis_Power_Station_1,NG,North,NG_CCGT,2020,4383.0
Dansby_1,2025011600,417014.597001,107.0,468.981,2218280.13,Dansby_1,NG,North,NG_ST,2020,4383.0
Acacia_Solar,2025011512,0.0,5.0,21.915,7889.4,Acacia_Solar,Solar,West,Solar_PV,2020,4383.0
W_A_Parish_6,2025011600,0.0,0.0,0.0,0.0,W_A_Parish_6,Coal-Sub,Houston,Coal-Sub_ST,2020,4383.0
Odessa_Ector_Generating_Station_1,2025011512,2005457.76757,862.0,3778.146,17870630.58,Odessa_Ector_Generating_Station_1,NG,West,NG_CCGT,2020,4383.0
Oak_Grove_SES_Unit_1,2025011512,0.0,0.0,0.0,0.0,Oak_Grove_SES_Unit_1,Coal-Lig,North,Coal-Lig_ST,2020,4383.0
Capricorn_Ridge_Wind_1,2025011600,0.0,107.25,470.07675,0.0,Capricorn_Ridge_Wind_1,Wind,West,Wind_WT,2020,4383.0
Notrees_Wind_Farm_1,2025011512,0.0,46.3,202.9329,0.0,Notrees_Wind_Farm_1,Wind,West,Wind_WT,2020,4383.0
J_T_Deely_1,2025011512,0.0,0.0,0.0,0.0,J_T_Deely_1,Coal-Sub,CPS,Coal-Sub_ST,2020,4383.0
SunEdison_Somerset_2_Solar,2025011600,0.0,2.5,10.9575,3944.7,SunEdison_Somerset_2_Solar,Solar,South,Solar_PV,2020,4383.0
Oak_Grove_SES_Unit_2,2025011512,0.0,0.0,0.0,0.0,Oak_Grove_SES_Unit_2,Coal-Lig,North,Coal-Lig_ST,2020,4383.0
Bull_Creek_Wind_Plant_U1,2025011512,0.0,44.0,192.852,0.0,Bull_Creek_Wind_Plant_U1,Wind,West,Wind_WT,2020,4383.0
O_W_Sommers_1,2025011512,0.0,0.0,0.0,0.0,O_W_Sommers_1,NG,South,NG_ST,2020,4383.0
BP_Chemicals_Green_Lake_Plant,2025011600,0.0,0.0,0.0,0.0,BP_Chemicals_Green_Lake_Plant,NG,South,NG_OCGT-CHP,2020,4383.0
Quail_Run_Energy_1,2025011512,0.0,0.0,0.0,0.0,Quail_Run_Energy_1,NG,West,NG_CCGT,2020,4383.0
Sweeny_Cogen_Facility,2025011600,0.0,0.0,0.0,0.0,Sweeny_Cogen_Facility,NG,Houston,NG_OCGT-CHP,2020,4383.0
Sand_Hill_Energy_Center_GT_6,2025011512,0.0,0.0,0.0,0.0,Sand_Hill_Energy_Center_GT_6,NG,AEN,NG_OCGT,2020,4383.0
DeCordova_3,2025011600,0.0,0.0,0.0,0.0,DeCordova_3,NG,North,NG_OCGT,2020,4383.0
Ocotillo_Wind_Farm,2025011600,0.0,29.4,128.8602,0.0,Ocotillo_Wind_Farm,Wind,West,Wind_WT,2020,4383.0
WKN_Mozart_Wind,2025011600,0.0,0.0,0.0,0.0,WKN_Mozart_Wind,Wind,West,Wind_WT,2020,4383.0
J_K_Spruce_1,2025011600,2737736.41381,523.65,2295.15795,14528349.8235,J_K_Spruce_1,Coal-Sub,CPS,Coal-Sub_ST,2020,4383.0
Grandview_1_(Conway)_GV1B,2025011512,0.0,51.9,227.4777,0.0,Grandview_1_(Conway)_GV1B,Wind,West,Wind_WT,2020,4383.0
Pasadena_Cogeneration,2025011512,0.0,0.0,0.0,0.0,Pasadena_Cogeneration,NG,Houston,NG_CCGT-CHP,2020,4383.0
Martin_Lake_3,2025011600,0.0,0.0,0.0,0.0,Martin_Lake_3,Coal-Sub,North,Coal-Sub_ST,2020,4383.0
Hydro_West_LZ,2025011512,0.0,75.8,332.2314,578082.636,Hydro_West_LZ,Water,West,Hydro_HYDRO,2020,4383.0
Laredo_Peaking_4,2025011512,308801.816914,90.1,394.9083,1867916.259,Laredo_Peaking_4,NG,South,NG_OCGT,2020,4383.0
Handley_5,2025011512,2029952.7944,435.0,1906.605,9018241.65,Handley_5,NG,North,NG_ST,2020,4383.0
B_M_Davis_3,2025011600,0.0,0.0,0.0,0.0,B_M_Davis_3,NG,South,NG_CCGT,2020,4383.0
Panhandle_Wind_1_U1,2025011600,0.0,54.6,239.3118,0.0,Panhandle_Wind_1_U1,Wind,West,Wind_WT,2020,4383.0
Freeport_Energy_Center,2025011600,0.0,0.0,0.0,0.0,Freeport_Energy_Center,NG,Houston,NG_CCGT-CHP,2020,4383.0
W_A_Parish_1,2025011600,0.0,0.0,0.0,0.0,W_A_Parish_1,NG,Houston,NG_ST,2020,4383.0
Whitetail_Wind_Energy,2025011600,0.0,45.5,199.4265,0.0,Whitetail_Wind_Energy,Wind,South,Wind_WT,2020,4383.0
Logan's_Gap_Wind_I_U1,2025011512,0.0,51.9,227.4777,0.0,Logan's_Gap_Wind_I_U1,Wind,North,Wind_WT,2020,4383.0
Guadalupe_Generating_Station_1,2025011600,0.0,0.0,0.0,0.0,Guadalupe_Generating_Station_1,NG,South,NG_CCGT,2020,4383.0
Powerlane_Plant_2,2025011600,0.0,0.0,0.0,0.0,Powerlane_Plant_2,NG,North,NG_ST,2020,4383.0
Sherbino_1_Wind,2025011600,0.0,0.0,0.0,0.0,Sherbino_1_Wind,Wind,West,Wind_WT,2020,4383.0
Sam_Rayburn_GT_1,2025011512,0.0,0.0,0.0,0.0,Sam_Rayburn_GT_1,NG,South,NG_OCGT,2020,4383.0
Trinidad_6,2025011512,0.0,0.0,0.0,0.0,Trinidad_6,NG,North,NG_ST,2020,4383.0
Cameron_Wind,2025011600,0.0,82.5,361.5975,0.0,Cameron_Wind,Wind-C,South,Wind-C_WT,2020,4383.0
Penascal_Wind_3,2025011600,0.0,50.4,220.9032,0.0,Penascal_Wind_3,Wind-C,South,Wind-C_WT,2020,4383.0
Sam_Rayburn_10,2025011600,0.0,0.0,0.0,0.0,Sam_Rayburn_10,NG,South,NG_CCGT,2020,4383.0
Cedar_Bayou_2,2025011512,2621949.59358,749.0,3282.867,15527960.91,Cedar_Bayou_2,NG,Houston,NG_ST,2020,4383.0
Elbow_Creek_Wind,2025011512,0.0,59.35,260.13105,0.0,Elbow_Creek_Wind,Wind,West,Wind_WT,2020,4383.0
Rattlesnake_Den_Wind_1_G2,2025011512,0.0,51.5,225.7245,0.0,Rattlesnake_Den_Wind_1_G2,Wind,West,Wind_WT,2020,4383.0
Greens_Bayou_84,2025011600,0.0,0.0,0.0,0.0,Greens_Bayou_84,NG,Houston,NG_OCGT,2020,4383.0
Permian_Basin_3,2025011600,0.0,0.0,0.0,0.0,Permian_Basin_3,NG,West,NG_OCGT,2020,4383.0
Trinity_Hills_Wind_2,2025011600,0.0,53.75,235.58625,0.0,Trinity_Hills_Wind_2,Wind,North,Wind_WT,2020,4383.0
McAdoo_Wind_Farm,2025011512,0.0,75.0,328.725,0.0,McAdoo_Wind_Farm,Wind,West,Wind_WT,2020,4383.0
Lone_Star_Wind_1_(Mesquite),2025011512,0.0,100.0,438.3,0.0,Lone_Star_Wind_1_(Mesquite),Wind,North,Wind_WT,2020,4383.0
Longhorn_Wind_North_U2,2025011600,0.0,50.0,219.15,0.0,Longhorn_Wind_North_U2,Wind,West,Wind_WT,2020,4383.0
O_W_Sommers_2,2025011512,0.0,0.0,0.0,0.0,O_W_Sommers_2,NG,South,NG_ST,2020,4383.0
San_Jacinto_SES_CTG_2,2025011600,0.0,0.0,0.0,0.0,San_Jacinto_SES_CTG_2,NG,Houston,NG_OCGT,2020,4383.0
Decker_Creek_G1,2025011512,0.0,0.0,0.0,0.0,Decker_Creek_G1,NG,AEN,NG_OCGT,2020,4383.0
Mountain_Creek_8,2025011512,1935878.63577,568.0,2489.544,11775543.12,Mountain_Creek_8,NG,North,NG_ST,2020,4383.0
Jack_County_Generation_Facility_1,2025011512,1774741.92621,595.0,2607.885,12335296.05,Jack_County_Generation_Facility_1,NG,North,NG_CCGT,2020,4383.0
Wolf_Hollow_Power_Proj_1,2025011512,0.0,0.0,0.0,0.0,Wolf_Hollow_Power_Proj_1,NG,North,NG_CCGT,2020,4383.0
Sand_Hill_Energy_Center_GT_2,2025011512,0.0,0.0,0.0,0.0,Sand_Hill_Energy_Center_GT_2,NG,AEN,NG_OCGT,2020,4383.0
Cedro_Hill_Wind_2,2025011600,0.0,37.5,164.3625,0.0,Cedro_Hill_Wind_2,Wind,South,Wind_WT,2020,4383.0
Spencer_5,2025011512,0.0,0.0,0.0,0.0,Spencer_5,NG,North,NG_ST,2020,4383.0
Stephens_Ranch_Wind_2,2025011512,0.0,82.5,361.5975,0.0,Stephens_Ranch_Wind_2,Wind,West,Wind_WT,2020,4383.0
Harbor_Wind,2025011600,0.0,4.5,19.7235,0.0,Harbor_Wind,Wind-C,South,Wind-C_WT,2020,4383.0
Papalote_Creek_Wind_Farm_II,2025011512,0.0,100.05,438.51915,0.0,Papalote_Creek_Wind_Farm_II,Wind-C,South,Wind-C_WT,2020,4383.0
Spinning_Spur_3_Wind_1,2025011512,0.0,48.0,210.384,0.0,Spinning_Spur_3_Wind_1,Wind,West,Wind_WT,2020,4383.0
Capricorn_Ridge_Wind_3,2025011512,0.0,74.75,327.62925,0.0,Capricorn_Ridge_Wind_3,Wind,West,Wind_WT,2020,4383.0
Buffalo_Gap_Wind_Farm_3,2025011512,0.0,85.1,372.9933,0.0,Buffalo_Gap_Wind_Farm_3,Wind,West,Wind_WT,2020,4383.0
Decker_Creek_1,2025011600,1117220.18522,315.0,1380.645,6530450.85,Decker_Creek_1,NG,AEN,NG_ST,2020,4383.0
Ector_County_Energy,2025011600,0.0,0.0,0.0,0.0,Ector_County_Energy,NG,West,NG_OCGT,2020,4383.0
Bryan_Atkins_7,2025011600,0.0,0.0,0.0,0.0,Bryan_Atkins_7,NG,North,NG_OCGT,2020,4383.0
Notrees_Wind_Farm_2,2025011600,0.0,30.0,131.49,0.0,Notrees_Wind_Farm_2,Wind,West,Wind_WT,2020,4383.0
V_H_Braunig_2,2025011600,0.0,0.0,0.0,0.0,V_H_Braunig_2,NG,South,NG_ST,2020,4383.0
Oyster_Creek_Unit_VIII,2025011512,912371.199734,248.95,1091.14785,5161129.3305,Oyster_Creek_Unit_VIII,NG,Houston,NG_CCGT-CHP,2020,4383.0
Red_Canyon_Wind,2025011600,0.0,0.0,0.0,0.0,Red_Canyon_Wind,Wind,West,Wind_WT,2020,4383.0
Roscoe_Wind_Farm,2025011600,0.0,0.0,0.0,0.0,Roscoe_Wind_Farm,Wind,West,Wind_WT,2020,4383.0
Gulf_Wind_I,2025011600,0.0,70.8,310.3164,0.0,Gulf_Wind_I,Wind-C,South,Wind-C_WT,2020,4383.0
W_A_Parish_Petra_Nova,2025011512,0.0,0.0,0.0,0.0,W_A_Parish_Petra_Nova,NG,Houston,NG_OCGT,2020,4383.0
Forney_Energy_Center_1,2025011600,2286910.78625,911.0,3992.913,18886478.49,Forney_Energy_Center_1,NG,North,NG_CCGT,2020,4383.0
Whirlwind_Energy,2025011512,0.0,28.5,124.9155,0.0,Whirlwind_Energy,Wind,West,Wind_WT,2020,4383.0
Pearsall_IC_Engine_Plant_A,2025011512,0.0,0.0,0.0,0.0,Pearsall_IC_Engine_Plant_A,NG,South,NG_IC,2020,4383.0
Greens_Bayou_82,2025011512,0.0,0.0,0.0,0.0,Greens_Bayou_82,NG,Houston,NG_OCGT,2020,4383.0
Deer_Park_Energy_Center_1,2025011600,0.0,0.0,0.0,0.0,Deer_Park_Energy_Center_1,NG,Houston,NG_CCGT-CHP,2020,4383.0
South_Plains_Wind_1,2025011600,0.0,0.0,0.0,0.0,South_Plains_Wind_1,Wind,West,Wind_WT,2020,4383.0
J_T_Deely_2,2025011512,0.0,0.0,0.0,0.0,J_T_Deely_2,Coal-Sub,CPS,Coal-Sub_ST,2020,4383.0
Victoria_Texas_Plant,2025011600,0.0,0.0,0.0,0.0,Victoria_Texas_Plant,NG,South,NG_OCGT-CHP,2020,4383.0
Windthorst_2,2025011512,0.0,33.8,148.1454,0.0,Windthorst_2,Wind,North,Wind_WT,2020,4383.0
Decker_Creek_G2,2025011512,0.0,0.0,0.0,0.0,Decker_Creek_G2,NG,AEN,NG_OCGT,2020,4383.0
Pecos_Wind_(Woodward_1),2025011600,0.0,41.25,180.79875,0.0,Pecos_Wind_(Woodward_1),Wind,West,Wind_WT,2020,4383.0
Panther_Creek_2,2025011512,0.0,57.75,253.11825,0.0,Panther_Creek_2,Wind,West,Wind_WT,2020,4383.0
Ray_Olinger_3,2025011600,0.0,0.0,0.0,0.0,Ray_Olinger_3,NG,North,NG_ST,2020,4383.0
Los_Vientos_Wind_I,2025011512,0.0,100.05,438.51915,0.0,Los_Vientos_Wind_I,Wind-C,South,Wind-C_WT,2020,4383.0
Route_66_Wind,2025011600,0.0,0.0,0.0,0.0,Route_66_Wind,Wind,West,Wind_WT,2020,4383.0
Mesquite_Creek_Wind_2,2025011600,0.0,52.8,231.4224,0.0,Mesquite_Creek_Wind_2,Wind,West,Wind_WT,2020,4383.0
Horse_Hollow_Wind_3,2025011600,0.0,104.0,455.832,0.0,Horse_Hollow_Wind_3,Wind,West,Wind_WT,2020,4383.0
T_H_Wharton_G_1,2025011512,0.0,0.0,0.0,0.0,T_H_Wharton_G_1,NG,Houston,NG_OCGT,2020,4383.0
Sam_Rayburn_GT_2,2025011600,0.0,0.0,0.0,0.0,Sam_Rayburn_GT_2,NG,South,NG_OCGT,2020,4383.0
Mountain_Creek_6,2025011600,0.0,0.0,0.0,0.0,Mountain_Creek_6,NG,North,NG_ST,2020,4383.0
W_A_Parish_3,2025011600,0.0,0.0,0.0,0.0,W_A_Parish_3,NG,Houston,NG_ST,2020,4383.0
Bayou_Cogen_Plant,2025011600,560267.53566,165.6,725.8248,3433151.304,Bayou_Cogen_Plant,NG,Houston,NG_OCGT-CHP,2020,4383.0
San_Miguel_1,2025011600,0.0,0.0,0.0,0.0,San_Miguel_1,Coal-Lig,South,Coal-Lig_ST,2020,4383.0
V_H_Braunig_7,2025011600,0.0,0.0,0.0,0.0,V_H_Braunig_7,NG,South,NG_OCGT,2020,4383.0
South_Texas_U1,2025011512,0.0,1286.0,5636.538,7496595.54,South_Texas_U1,Uranium,South,Uranium_ST,2020,4383.0
Permian_Basin_4,2025011512,0.0,0.0,0.0,0.0,Permian_Basin_4,NG,West,NG_OCGT,2020,4383.0
Penascal_Wind_1,2025011600,0.0,80.4,352.3932,0.0,Penascal_Wind_1,Wind-C,South,Wind-C_WT,2020,4383.0
Twin_Oaks_2,2025011512,0.0,0.0,0.0,0.0,Twin_Oaks_2,Coal-Lig,North,Coal-Lig_ST,2020,4383.0
Pearsall_3,2025011512,0.0,0.0,0.0,0.0,Pearsall_3,NG,South,NG_ST,2020,4383.0
Sim_Gideon_2,2025011512,432922.267975,117.6,515.4408,2438034.984,Sim_Gideon_2,NG,LCRA,NG_ST,2020,4383.0
Permian_Basin_1,2025011600,0.0,0.0,0.0,0.0,Permian_Basin_1,NG,West,NG_OCGT,2020,4383.0
Greens_Bayou_81,2025011512,0.0,0.0,0.0,0.0,Greens_Bayou_81,NG,Houston,NG_OCGT,2020,4383.0
Trent_Wind_Farm,2025011600,0.0,0.0,0.0,0.0,Trent_Wind_Farm,Wind,West,Wind_WT,2020,4383.0
Logan's_Gap_Wind_I_U2,2025011512,0.0,53.15,232.95645,0.0,Logan's_Gap_Wind_I_U2,Wind,North,Wind_WT,2020,4383.0
Dallas-Fort_Worth_Area_LFG,2025011512,0.0,35.8,156.9114,390709.386,Dallas-Fort_Worth_Area_LFG,Biogas,North,Biogas_IC,2020,4383.0
Anacacho_Wind,2025011600,0.0,49.9,218.7117,0.0,Anacacho_Wind,Wind,South,Wind_WT,2020,4383.0
Renewable_Energy_Alternatives_CCS1,2025011512,0.0,1.0,4.383,1577.88,Renewable_Energy_Alternatives_CCS1,Solar,North,Solar_PV,2020,4383.0
Fayette_Power_Project_1,2025011512,0.0,0.0,0.0,0.0,Fayette_Power_Project_1,Coal-Sub,AEN,Coal-Sub_ST,2020,4383.0
Panda_Temple_II_CTG1,2025011600,0.0,0.0,0.0,0.0,Panda_Temple_II_CTG1,NG,North,NG_CCGT,2020,4383.0
Colorado_Bend_Energy_Center_2,2025011600,0.0,0.0,0.0,0.0,Colorado_Bend_Energy_Center_2,NG,Houston,NG_CCGT,2020,4383.0
Stanton_Wind_Energy,2025011512,0.0,60.0,262.98,0.0,Stanton_Wind_Energy,Wind,West,Wind_WT,2020,4383.0
Magic_Valley_Wind_(Redfish)_1B,2025011512,0.0,51.75,226.82025,0.0,Magic_Valley_Wind_(Redfish)_1B,Wind-C,South,Wind-C_WT,2020,4383.0
Big_Brown_2,2025011512,0.0,0.0,0.0,0.0,Big_Brown_2,Coal-Sub,North,Coal-Sub_ST,2020,4383.0
Clear_Lake_Cogeneration_Ltd,2025011600,0.0,0.0,0.0,0.0,Clear_Lake_Cogeneration_Ltd,NG,Houston,NG_CCGT-CHP,2020,4383.0
Panther_Creek_1,2025011512,0.0,71.25,312.28875,0.0,Panther_Creek_1,Wind,West,Wind_WT,2020,4383.0
Morgan_Creek_6,2025011512,0.0,0.0,0.0,0.0,Morgan_Creek_6,NG,West,NG_OCGT,2020,4383.0
Forney_Energy_Center_2,2025011512,2284541.74454,911.0,3992.913,18886478.49,Forney_Energy_Center_2,NG,North,NG_CCGT,2020,4383.0
Panhandle_Wind_1_U2,2025011600,0.0,54.6,239.3118,0.0,Panhandle_Wind_1_U2,Wind,West,Wind_WT,2020,4383.0
Senate_Wind,2025011600,0.0,75.0,328.725,0.0,Senate_Wind,Wind,North,Wind_WT,2020,4383.0
W_A_Parish_5,2025011512,0.0,0.0,0.0,0.0,W_A_Parish_5,Coal-Sub,Houston,Coal-Sub_ST,2020,4383.0
Austin_Area_LFG,2025011600,0.0,6.4,28.0512,69847.488,Austin_Area_LFG,Biogas,AEN,Biogas_IC,2020,4383.0
Nueces_Bay_8,2025011600,0.0,0.0,0.0,0.0,Nueces_Bay_8,NG,South,NG_CCGT,2020,4383.0
Keechi_Wind_138_KV_Joplin,2025011600,0.0,55.0,241.065,0.0,Keechi_Wind_138_KV_Joplin,Wind,North,Wind_WT,2020,4383.0
Capricorn_Ridge_Wind_4,2025011512,0.0,56.25,246.54375,0.0,Capricorn_Ridge_Wind_4,Wind,West,Wind_WT,2020,4383.0
Ingleside_Cogeneration,2025011600,0.0,0.0,0.0,0.0,Ingleside_Cogeneration,NG,South,NG_CCGT-CHP,2020,4383.0
King_Mountain_Wind_SE,2025011600,0.0,20.15,88.31745,0.0,King_Mountain_Wind_SE,Wind,West,Wind_WT,2020,4383.0
Desert_Sky_Wind_Farm_1,2025011512,0.0,42.0,184.086,0.0,Desert_Sky_Wind_Farm_1,Wind,West,Wind_WT,2020,4383.0
Oklaunion_1,2025011600,0.0,0.0,0.0,0.0,Oklaunion_1,Coal-Sub,West,Coal-Sub_ST,2020,4383.0
Mesquite_Creek_Wind_1,2025011600,0.0,52.8,231.4224,0.0,Mesquite_Creek_Wind_1,Wind,West,Wind_WT,2020,4383.0
Downie_Ranch_Solar_(OCI_Alamo_5),2025011512,0.0,47.5,208.1925,74949.3,Downie_Ranch_Solar_(OCI_Alamo_5),Solar,South,Solar_PV,2020,4383.0
Fayette_Power_Project_3,2025011600,0.0,0.0,0.0,0.0,Fayette_Power_Project_3,Coal-Sub,LCRA,Coal-Sub_ST,2020,4383.0
Goat_Wind_2,2025011600,0.0,34.8,152.5284,0.0,Goat_Wind_2,Wind,West,Wind_WT,2020,4383.0
Loraine_Windpark_I,2025011512,0.0,24.75,108.47925,0.0,Loraine_Windpark_I,Wind,West,Wind_WT,2020,4383.0
Bosque_County_CC_1,2025011600,1313875.37692,514.0,2252.862,10656037.26,Bosque_County_CC_1,NG,North,NG_CCGT,2020,4383.0
Sim_Gideon_1,2025011512,485654.350509,130.0,569.79,2695106.7,Sim_Gideon_1,NG,LCRA,NG_ST,2020,4383.0
San_Antonio_Area_LFG,2025011600,0.0,26.8,117.4644,292486.356,San_Antonio_Area_LFG,Biogas,CPS,Biogas_IC,2020,4383.0
Pearsall_1,2025011600,0.0,0.0,0.0,0.0,Pearsall_1,NG,South,NG_ST,2020,4383.0
Longhorn_Wind_North_U1,2025011600,0.0,50.0,219.15,0.0,Longhorn_Wind_North_U1,Wind,West,Wind_WT,2020,4383.0
King_Mountain_Wind_SW,2025011512,0.0,39.65,173.78595,0.0,King_Mountain_Wind_SW,Wind,West,Wind_WT,2020,4383.0
Panda_Temple_1,2025011512,1686770.5909,702.0,3076.866,14553576.18,Panda_Temple_1,NG,North,NG_CCGT,2020,4383.0
San_Jacinto_SES_CTG_1,2025011600,0.0,0.0,0.0,0.0,San_Jacinto_SES_CTG_1,NG,Houston,NG_OCGT,2020,4383.0
Webberville_Solar,2025011512,0.0,13.35,58.51305,21064.698,Webberville_Solar,Solar,AEN,Solar_PV,2020,4383.0
Hydro_LCRA_LZ,2025011512,0.0,280.0,1227.24,2135397.6,Hydro_LCRA_LZ,Water,LCRA,Hydro_HYDRO,2020,4383.0
Hydro_North_LZ,2025011600,0.0,51.6,226.1628,393523.272,Hydro_North_LZ,Water,North,Hydro_HYDRO,2020,4383.0
Channel_Energy_Center,2025011512,2159360.60854,686.6,3009.3678,14234309.694,Channel_Energy_Center,NG,Houston,NG_CCGT-CHP,2020,4383.0
Green_Power_2,2025011512,0.0,0.0,0.0,0.0,Green_Power_2,NG,Houston,NG_CCGT-CHP,2020,4383.0
Magic_Valley_Wind_(Redfish)_1A,2025011512,0.0,49.9,218.7117,0.0,Magic_Valley_Wind_(Redfish)_1A,Wind-C,South,Wind-C_WT,2020,4383.0
Pyron_Wind_Farm,2025011512,0.0,124.5,545.6835,0.0,Pyron_Wind_Farm,Wind,West,Wind_WT,2020,4383.0
Lufkin_Biomass,2025011600,0.0,45.0,197.235,491115.15,Lufkin_Biomass,Biomass,North,Biomass_ST,2020,4383.0
Wolf_Hollow_Power_Proj_1,2025011600,0.0,0.0,0.0,0.0,Wolf_Hollow_Power_Proj_1,NG,North,NG_CCGT,2020,4383.0
Panda_Temple_II_STG,2025011600,0.0,0.0,0.0,0.0,Panda_Temple_II_STG,NG,North,NG_CCGT,2020,4383.0
Morgan_Creek_4,2025011600,0.0,0.0,0.0,0.0,Morgan_Creek_4,NG,West,NG_OCGT,2020,4383.0
Horse_Hollow_Wind_1,2025011600,0.0,103.3,452.7639,0.0,Horse_Hollow_Wind_1,Wind,West,Wind_WT,2020,4383.0
Capricorn_Ridge_Wind_1,2025011512,0.0,107.25,470.07675,0.0,Capricorn_Ridge_Wind_1,Wind,West,Wind_WT,2020,4383.0
Trinity_Hills_Wind_1,2025011600,0.0,58.75,257.50125,0.0,Trinity_Hills_Wind_1,Wind,North,Wind_WT,2020,4383.0
SunEdison_Somerset_2_Solar,2025011512,0.0,2.5,10.9575,3944.7,SunEdison_Somerset_2_Solar,Solar,South,Solar_PV,2020,4383.0
ExTex_La_Porte_Power_Station_AirPro_2,2025011600,0.0,0.0,0.0,0.0,ExTex_La_Porte_Power_Station_AirPro_2,NG,Houston,NG_OCGT,2020,4383.0
Morgan_Creek_1,2025011512,0.0,0.0,0.0,0.0,Morgan_Creek_1,NG,West,NG_OCGT,2020,4383.0
V_H_Braunig_5,2025011600,0.0,0.0,0.0,0.0,V_H_Braunig_5,NG,South,NG_OCGT,2020,4383.0
Bastrop_Energy_Center_1,2025011512,923168.727784,335.8,1471.8114,6961667.922,Bastrop_Energy_Center_1,NG,South,NG_CCGT,2020,4383.0
Sherbino_2_Wind,2025011600,0.0,0.0,0.0,0.0,Sherbino_2_Wind,Wind,West,Wind_WT,2020,4383.0
T_H_Wharton_GT_54,2025011600,0.0,0.0,0.0,0.0,T_H_Wharton_GT_54,NG,Houston,NG_OCGT,2020,4383.0
Javelina_Wind_Energy,2025011600,0.0,125.0,547.875,0.0,Javelina_Wind_Energy,Wind,South,Wind_WT,2020,4383.0
R_W_Miller_5,2025011512,0.0,0.0,0.0,0.0,R_W_Miller_5,NG,North,NG_OCGT,2020,4383.0
Hereford_Wind_V,2025011600,0.0,50.0,219.15,0.0,Hereford_Wind_V,Wind,West,Wind_WT,2020,4383.0
Gibbons_Creek_1,2025011600,0.0,0.0,0.0,0.0,Gibbons_Creek_1,Coal-Sub,North,Coal-Sub_ST,2020,4383.0
ExTex_La_Porte_Power_Station_AirPro_4,2025011600,0.0,0.0,0.0,0.0,ExTex_La_Porte_Power_Station_AirPro_4,NG,Houston,NG_OCGT,2020,4383.0
Forest_Creek_Wind_Farm,2025011512,0.0,62.1,272.1843,0.0,Forest_Creek_Wind_Farm,Wind,West,Wind_WT,2020,4383.0
Sand_Hill_Energy_Center_GT_3,2025011512,0.0,0.0,0.0,0.0,Sand_Hill_Energy_Center_GT_3,NG,AEN,NG_OCGT,2020,4383.0
Tenaska_Gateway_Station,2025011600,0.0,0.0,0.0,0.0,Tenaska_Gateway_Station,NG,North,NG_CCGT,2020,4383.0
Optim_Energy_Altura_Cogen,2025011600,0.0,0.0,0.0,0.0,Optim_Energy_Altura_Cogen,NG,Houston,NG_CCGT-CHP,2020,4383.0
King_Mountain_Wind_NW,2025011600,0.0,39.65,173.78595,0.0,King_Mountain_Wind_NW,Wind,West,Wind_WT,2020,4383.0
Big_Brown_1,2025011600,0.0,0.0,0.0,0.0,Big_Brown_1,Coal-Lig,North,Coal-Lig_ST,2020,4383.0
Freestone_Energy_Center_1,2025011512,2453606.59898,957.3,4195.8459,19846351.107,Freestone_Energy_Center_1,NG,North,NG_CCGT,2020,4383.0
Anacacho_Wind,2025011512,0.0,49.9,218.7117,0.0,Anacacho_Wind,Wind,South,Wind_WT,2020,4383.0
Texas_Big_Spring_Wind_B,2025011512,0.0,3.3,14.4639,0.0,Texas_Big_Spring_Wind_B,Wind,West,Wind_WT,2020,4383.0
Ray_Olinger_4,2025011600,0.0,0.0,0.0,0.0,Ray_Olinger_4,NG,North,NG_OCGT,2020,4383.0
Callahan_Wind,2025011512,0.0,57.0,249.831,0.0,Callahan_Wind,Wind,West,Wind_WT,2020,4383.0
Houston_Chemical_Complex_Battleground,2025011512,170309.604629,52.6,230.5458,1090481.634,Houston_Chemical_Complex_Battleground,NG,Houston,NG_CCGT-CHP,2020,4383.0
West_Texas_Wind_Energy,2025011600,0.0,0.0,0.0,0.0,West_Texas_Wind_Energy,Wind,West,Wind_WT,2020,4383.0
T_H_Wharton_3,2025011600,0.0,0.0,0.0,0.0,T_H_Wharton_3,NG,Houston,NG_CCGT,2020,4383.0
Inadale_Wind,2025011512,0.0,98.3,430.8489,0.0,Inadale_Wind,Wind,West,Wind_WT,2020,4383.0
Desert_Sky_Wind_Farm_2,2025011600,0.0,38.25,167.64975,0.0,Desert_Sky_Wind_Farm_2,Wind,West,Wind_WT,2020,4383.0
Pearsall_IC_Engine_Plant_C,2025011600,0.0,0.0,0.0,0.0,Pearsall_IC_Engine_Plant_C,NG,South,NG_IC,2020,4383.0
Graham_2,2025011512,1586703.49051,390.0,1709.37,8085320.1,Graham_2,NG,West,NG_ST,2020,4383.0
Indian_Mesa_Wind_Farm,2025011512,0.0,41.25,180.79875,0.0,Indian_Mesa_Wind_Farm,Wind,West,Wind_WT,2020,4383.0
Sweetwater_Wind_2A,2025011512,0.0,7.95,34.84485,0.0,Sweetwater_Wind_2A,Wind,West,Wind_WT,2020,4383.0
V_H_Braunig_3,2025011512,0.0,0.0,0.0,0.0,V_H_Braunig_3,NG,South,NG_ST,2020,4383.0
SunEdison_CPS3_Somerset_1_Solar,2025011512,0.0,2.8,12.2724,4418.064,SunEdison_CPS3_Somerset_1_Solar,Solar,South,Solar_PV,2020,4383.0
Lake_Hubbard_1,2025011600,0.0,0.0,0.0,0.0,Lake_Hubbard_1,NG,North,NG_ST,2020,4383.0
Winchester_Power_Park_3,2025011600,0.0,0.0,0.0,0.0,Winchester_Power_Park_3,NG,LCRA,NG_OCGT,2020,4383.0
Cedar_Bayou_1,2025011512,2606314.52772,745.0,3265.335,15445034.55,Cedar_Bayou_1,NG,Houston,NG_ST,2020,4383.0
Buffalo_Gap_Wind_Farm_2_1,2025011512,0.0,57.75,253.11825,0.0,Buffalo_Gap_Wind_Farm_2_1,Wind,West,Wind_WT,2020,4383.0
Sand_Hill_Energy_Center_GT_4,2025011512,0.0,0.0,0.0,0.0,Sand_Hill_Energy_Center_GT_4,NG,AEN,NG_OCGT,2020,4383.0
R_W_Miller_2,2025011512,465459.114618,120.0,525.96,2487790.8,R_W_Miller_2,NG,North,NG_ST,2020,4383.0
W_A_Parish_T1,2025011512,0.0,0.0,0.0,0.0,W_A_Parish_T1,NG,Houston,NG_OCGT,2020,4383.0
Lone_Star_Wind_2_(Post_Oak)_U1,2025011600,0.0,50.0,219.15,0.0,Lone_Star_Wind_2_(Post_Oak)_U1,Wind,North,Wind_WT,2020,4383.0
Colorado_Bend_Energy_Center_1,2025011600,0.0,0.0,0.0,0.0,Colorado_Bend_Energy_Center_1,NG,Houston,NG_CCGT,2020,4383.0
Greenville_Powerlane_IC1,2025011512,28150.6827925,8.4,36.8172,174145.356,Greenville_Powerlane_IC1,NG,North,NG_IC,2020,4383.0
J_T_Deely_1,2025011600,0.0,0.0,0.0,0.0,J_T_Deely_1,Coal-Sub,CPS,Coal-Sub_ST,2020,4383.0
Texas_Big_Spring_Wind_A,2025011512,0.0,13.85,60.70455,0.0,Texas_Big_Spring_Wind_A,Wind,West,Wind_WT,2020,4383.0
DeCordova_1,2025011512,0.0,0.0,0.0,0.0,DeCordova_1,NG,North,NG_OCGT,2020,4383.0
Ray_Olinger_2,2025011512,0.0,0.0,0.0,0.0,Ray_Olinger_2,NG,North,NG_ST,2020,4383.0
Leon_Creek_Peaking_3,2025011512,155022.979881,46.0,201.618,953653.14,Leon_Creek_Peaking_3,NG,South,NG_OCGT,2020,4383.0
Champion_Wind_Farm,2025011600,0.0,63.25,277.22475,0.0,Champion_Wind_Farm,Wind,West,Wind_WT,2020,4383.0
Miami_Wind_G1,2025011512,0.0,72.15,316.23345,0.0,Miami_Wind_G1,Wind,West,Wind_WT,2020,4383.0
Morgan_Creek_2,2025011600,0.0,0.0,0.0,0.0,Morgan_Creek_2,NG,West,NG_OCGT,2020,4383.0
Sweetwater_Wind_3B,2025011512,0.0,50.25,220.24575,0.0,Sweetwater_Wind_3B,Wind,West,Wind_WT,2020,4383.0
Goat_Wind,2025011512,0.0,40.0,175.32,0.0,Goat_Wind,Wind,West,Wind_WT,2020,4383.0
Horse_Hollow_Wind_4,2025011512,0.0,54.0,236.682,0.0,Horse_Hollow_Wind_4,Wind,West,Wind_WT,2020,4383.0
Hackberry_Wind_Farm,2025011512,0.0,81.75,358.31025,0.0,Hackberry_Wind_Farm,Wind,West,Wind_WT,2020,4383.0
Dansby_1,2025011512,417014.597001,107.0,468.981,2218280.13,Dansby_1,NG,North,NG_ST,2020,4383.0
V_H_Braunig_1,2025011512,0.0,0.0,0.0,0.0,V_H_Braunig_1,NG,South,NG_ST,2020,4383.0
Hydro_RCEC_LZ,2025011600,0.0,20.0,87.66,152528.4,Hydro_RCEC_LZ,Water,RCEC,Hydro_HYDRO,2020,4383.0
Oak_Grove_SES_Unit_1,2025011600,0.0,0.0,0.0,0.0,Oak_Grove_SES_Unit_1,Coal-Lig,North,Coal-Lig_ST,2020,4383.0
SunEdison_Rabel_Road_Solar,2025011600,0.0,4.95,21.69585,7810.506,SunEdison_Rabel_Road_Solar,Solar,South,Solar_PV,2020,4383.0
Pearsall_2,2025011600,0.0,0.0,0.0,0.0,Pearsall_2,NG,South,NG_ST,2020,4383.0
Monticello_U3,2025011600,0.0,0.0,0.0,0.0,Monticello_U3,Coal-Sub,North,Coal-Sub_ST,2020,4383.0
Los_Vientos_Wind_III,2025011512,0.0,100.0,438.3,0.0,Los_Vientos_Wind_III,Wind,South,Wind_WT,2020,4383.0
Graham_1,2025011512,952374.601444,234.0,1025.622,4851192.06,Graham_1,NG,West,NG_ST,2020,4383.0
Green_Mountain_Wind_(Brazos)_U1,2025011600,0.0,49.5,216.9585,0.0,Green_Mountain_Wind_(Brazos)_U1,Wind,West,Wind_WT,2020,4383.0
Rattlesnake_Den_Wind_1_G1,2025011600,0.0,0.0,0.0,0.0,Rattlesnake_Den_Wind_1_G1,Wind,West,Wind_WT,2020,4383.0
Panhandle_Wind_2_U2,2025011512,0.0,48.3,211.6989,0.0,Panhandle_Wind_2_U2,Wind,West,Wind_WT,2020,4383.0
Sweetwater_Wind_4-5,2025011512,0.0,39.6,173.5668,0.0,Sweetwater_Wind_4-5,Wind,West,Wind_WT,2020,4383.0
Houston_Area_LFG,2025011512,0.0,24.5,107.3835,267384.915,Houston_Area_LFG,Biogas,Houston,Biogas_IC,2020,4383.0
Sweeny_Cogen_Facility,2025011512,0.0,0.0,0.0,0.0,Sweeny_Cogen_Facility,NG,Houston,NG_OCGT-CHP,2020,4383.0
Gulf_Wind_I,2025011512,0.0,70.8,310.3164,0.0,Gulf_Wind_I,Wind-C,South,Wind-C_WT,2020,4383.0
Sand_Hill_Energy_Center_GT_6,2025011600,0.0,0.0,0.0,0.0,Sand_Hill_Energy_Center_GT_6,NG,AEN,NG_OCGT,2020,4383.0
Jack_County_Generation_Facility_2,2025011600,0.0,0.0,0.0,0.0,Jack_County_Generation_Facility_2,NG,North,NG_CCGT,2020,4383.0
Equistar_Corpus_Christi,2025011600,34764.017755,12.0,52.596,248779.08,Equistar_Corpus_Christi,NG,South,NG_OCGT-CHP,2020,4383.0
Gregory_Power_Facility,2025011512,961529.70552,388.5,1702.7955,8054222.715,Gregory_Power_Facility,NG,South,NG_CCGT-CHP,2020,4383.0
Sandy_Creek_1,2025011600,0.0,0.0,0.0,0.0,Sandy_Creek_1,Coal-Sub,North,Coal-Sub_ST,2020,4383.0
Arthur_Von_Rosenberg_1,2025011512,0.0,0.0,0.0,0.0,Arthur_Von_Rosenberg_1,NG,South,NG_CCGT,2020,4383.0
Handley_5,2025011600,1147623.31256,245.925,1077.889275,5098416.27075,Handley_5,NG,North,NG_ST,2020,4383.0
Ray_Olinger_1,2025011512,0.0,0.0,0.0,0.0,Ray_Olinger_1,NG,North,NG_ST,2020,4383.0
B_M_Davis_3,2025011512,0.0,0.0,0.0,0.0,B_M_Davis_3,NG,South,NG_CCGT,2020,4383.0
Leon_Creek_Peaking_4,2025011512,155022.979881,46.0,201.618,953653.14,Leon_Creek_Peaking_4,NG,South,NG_OCGT,2020,4383.0
Buffalo_Gap_Wind_Farm_1,2025011512,0.0,60.3,264.2949,0.0,Buffalo_Gap_Wind_Farm_1,Wind,West,Wind_WT,2020,4383.0
Stephens_Ranch_Wind_1,2025011600,0.0,0.0,0.0,0.0,Stephens_Ranch_Wind_1,Wind,West,Wind_WT,2020,4383.0
J_K_Spruce_2,2025011512,2682509.56485,514.1,2253.3003,14263390.899,J_K_Spruce_2,Coal-Sub,CPS,Coal-Sub_ST,2020,4383.0
South_Texas_U1,2025011600,0.0,1286.0,5636.538,7496595.54,South_Texas_U1,Uranium,South,Uranium_ST,2020,4383.0
Trinidad_6,2025011600,0.0,0.0,0.0,0.0,Trinidad_6,NG,North,NG_ST,2020,4383.0
Brazos_Valley_1,2025011512,1605148.27631,602.0,2638.566,12480417.18,Brazos_Valley_1,NG,Houston,NG_CCGT,2020,4383.0
Wolf_Ridge_Wind,2025011512,0.0,56.25,246.54375,0.0,Wolf_Ridge_Wind,Wind,North,Wind_WT,2020,4383.0
Cedar_Bayou_2,2025011600,2621949.59358,749.0,3282.867,15527960.91,Cedar_Bayou_2,NG,Houston,NG_ST,2020,4383.0
Greens_Bayou_84,2025011512,0.0,0.0,0.0,0.0,Greens_Bayou_84,NG,Houston,NG_OCGT,2020,4383.0
Green_Pastures_Wind_2,2025011512,0.0,75.0,328.725,0.0,Green_Pastures_Wind_2,Wind,West,Wind_WT,2020,4383.0
SunEdison_Valley_Road_Solar,2025011600,0.0,4.95,21.69585,7810.506,SunEdison_Valley_Road_Solar,Solar,South,Solar_PV,2020,4383.0
Jumbo_Road_Wind_2,2025011512,0.0,76.8,336.6144,0.0,Jumbo_Road_Wind_2,Wind,West,Wind_WT,2020,4383.0
Lone_Star_Wind_1_(Mesquite),2025011600,0.0,100.0,438.3,0.0,Lone_Star_Wind_1_(Mesquite),Wind,North,Wind_WT,2020,4383.0
T_H_Wharton_GT_51,2025011600,0.0,0.0,0.0,0.0,T_H_Wharton_GT_51,NG,Houston,NG_OCGT,2020,4383.0
ExTex_La_Porte_Power_Station_AirPro_1,2025011600,0.0,0.0,0.0,0.0,ExTex_La_Porte_Power_Station_AirPro_1,NG,Houston,NG_OCGT,2020,4383.0
O_W_Sommers_2,2025011600,0.0,0.0,0.0,0.0,O_W_Sommers_2,NG,South,NG_ST,2020,4383.0
Loraine_Windpark_IV,2025011600,0.0,12.0,52.596,0.0,Loraine_Windpark_IV,Wind,West,Wind_WT,2020,4383.0
Pearsall_IC_Engine_Plant_B,2025011600,0.0,0.0,0.0,0.0,Pearsall_IC_Engine_Plant_B,NG,South,NG_IC,2020,4383.0
Wise_County_Power_LP,2025011600,0.0,0.0,0.0,0.0,Wise_County_Power_LP,NG,North,NG_CCGT,2020,4383.0
Greenville_Powerlane_IC2,2025011600,27945.669155,8.4,36.8172,174145.356,Greenville_Powerlane_IC2,NG,North,NG_IC,2020,4383.0
Magic_Valley_Station,2025011600,0.0,0.0,0.0,0.0,Magic_Valley_Station,NG,South,NG_CCGT,2020,4383.0
Wolf_Flats_Wind_(Wind_Mgt),2025011512,0.0,0.5,2.1915,0.0,Wolf_Flats_Wind_(Wind_Mgt),Wind,West,Wind_WT,2020,4383.0
Spencer_4,2025011512,0.0,0.0,0.0,0.0,Spencer_4,NG,North,NG_ST,2020,4383.0
Tenaska_Kiamichi_Station_1,2025011512,0.0,0.0,0.0,0.0,Tenaska_Kiamichi_Station_1,NG,North,NG_CCGT,2020,4383.0
Camp_Springs_Wind_2,2025011512,0.0,60.0,262.98,0.0,Camp_Springs_Wind_2,Wind,West,Wind_WT,2020,4383.0
R_W_Miller_4,2025011600,0.0,0.0,0.0,0.0,R_W_Miller_4,NG,North,NG_OCGT,2020,4383.0
T_H_Wharton_4,2025011600,0.0,0.0,0.0,0.0,T_H_Wharton_4,NG,Houston,NG_CCGT,2020,4383.0
Spinning_Spur_3_Wind_1,2025011600,0.0,0.0,0.0,0.0,Spinning_Spur_3_Wind_1,Wind,West,Wind_WT,2020,4383.0
Dansby_2,2025011600,0.0,0.0,0.0,0.0,Dansby_2,NG,North,NG_OCGT,2020,4383.0
Capricorn_Ridge_Wind_3,2025011600,0.0,74.75,327.62925,0.0,Capricorn_Ridge_Wind_3,Wind,West,Wind_WT,2020,4383.0
Langford_Wind_Power,2025011600,0.0,77.5,339.6825,0.0,Langford_Wind_Power,Wind,West,Wind_WT,2020,4383.0
Loraine_Windpark_II,2025011600,0.0,25.5,111.7665,0.0,Loraine_Windpark_II,Wind,West,Wind_WT,2020,4383.0
Wichita_Falls_Cogeneration_Plant,2025011600,0.0,0.0,0.0,0.0,Wichita_Falls_Cogeneration_Plant,NG,West,NG_CCGT-CHP,2020,4383.0
ExTex_La_Porte_Power_Station_AirPro_3,2025011512,0.0,0.0,0.0,0.0,ExTex_La_Porte_Power_Station_AirPro_3,NG,Houston,NG_OCGT,2020,4383.0
Turkey_Track_Wind_Energy_Center,2025011600,0.0,0.0,0.0,0.0,Turkey_Track_Wind_Energy_Center,Wind,West,Wind_WT,2020,4383.0
Oyster_Creek_Unit_VIII,2025011600,0.0,0.0,0.0,0.0,Oyster_Creek_Unit_VIII,NG,Houston,NG_CCGT-CHP,2020,4383.0
T_H_Wharton_GT_55,2025011512,0.0,0.0,0.0,0.0,T_H_Wharton_GT_55,NG,Houston,NG_OCGT,2020,4383.0
South_Texas_U2,2025011600,0.0,1295.0,5675.985,7549060.05,South_Texas_U2,Uranium,South,Uranium_ST,2020,4383.0
Roscoe_Wind_Farm,2025011512,0.0,104.5,458.0235,0.0,Roscoe_Wind_Farm,Wind,West,Wind_WT,2020,4383.0
Lake_Hubbard_2,2025011600,0.0,0.0,0.0,0.0,Lake_Hubbard_2,NG,North,NG_ST,2020,4383.0
Silas_Ray_10,2025011512,0.0,0.0,0.0,0.0,Silas_Ray_10,NG,South,NG_OCGT,2020,4383.0
R_W_Miller_1,2025011600,0.0,0.0,0.0,0.0,R_W_Miller_1,NG,North,NG_ST,2020,4383.0
Sandow_U5,2025011600,0.0,0.0,0.0,0.0,Sandow_U5,Coal-Lig,South,Coal-Lig_ST,2020,4383.0
Jumbo_Road_Wind_1,2025011512,0.0,73.1,320.3973,0.0,Jumbo_Road_Wind_1,Wind,West,Wind_WT,2020,4383.0
Deer_Park_Energy_Center_1,2025011512,2372742.85979,1152.0,5049.216,23882791.68,Deer_Park_Energy_Center_1,NG,Houston,NG_CCGT-CHP,2020,4383.0
Sand_Hill_Energy_Center_GT_1,2025011600,0.0,0.0,0.0,0.0,Sand_Hill_Energy_Center_GT_1,NG,AEN,NG_OCGT,2020,4383.0
Victoria_Texas_Plant,2025011512,0.0,0.0,0.0,0.0,Victoria_Texas_Plant,NG,South,NG_OCGT-CHP,2020,4383.0
Lone_Star_Wind_2_(Post_Oak)_U2,2025011600,0.0,50.0,219.15,0.0,Lone_Star_Wind_2_(Post_Oak)_U2,Wind,North,Wind_WT,2020,4383.0
W_A_Parish_8,2025011600,0.0,0.0,0.0,0.0,W_A_Parish_8,Coal-Sub,Houston,Coal-Sub_ST,2020,4383.0
Notrees_Battery_Facility,2025011512,0.0,36.0,157.788,0.0,Notrees_Battery_Facility,Storage,West,Storage_BATT,2020,4383.0
Decker_Creek_G2,2025011600,0.0,0.0,0.0,0.0,Decker_Creek_G2,NG,AEN,NG_OCGT,2020,4383.0
Pearsall_IC_Engine_Plant_D,2025011512,0.0,0.0,0.0,0.0,Pearsall_IC_Engine_Plant_D,NG,South,NG_IC,2020,4383.0
V_H_Braunig_8,2025011512,0.0,0.0,0.0,0.0,V_H_Braunig_8,NG,South,NG_OCGT,2020,4383.0
Panther_Creek_3,2025011512,0.0,99.75,437.20425,0.0,Panther_Creek_3,Wind,West,Wind_WT,2020,4383.0
Pecos_Wind_(Woodward_1),2025011512,0.0,41.25,180.79875,0.0,Pecos_Wind_(Woodward_1),Wind,West,Wind_WT,2020,4383.0
Nacogdoches_Power,2025011512,0.0,105.0,460.215,1145935.35,Nacogdoches_Power,Biomass,North,Biomass_ST,2020,4383.0
Sand_Bluff_Wind_Farm,2025011512,0.0,45.0,197.235,0.0,Sand_Bluff_Wind_Farm,Wind,West,Wind_WT,2020,4383.0
Sweetwater_Wind_4-4B,2025011512,0.0,51.85,227.25855,0.0,Sweetwater_Wind_4-4B,Wind,West,Wind_WT,2020,4383.0
Los_Vientos_Wind_I,2025011600,0.0,100.05,438.51915,0.0,Los_Vientos_Wind_I,Wind-C,South,Wind-C_WT,2020,4383.0
Blue_Wing_1_Solar,2025011600,0.0,3.8,16.6554,5995.944,Blue_Wing_1_Solar,Solar,South,Solar_PV,2020,4383.0
Camp_Springs_Wind_1,2025011512,0.0,65.25,285.99075,0.0,Camp_Springs_Wind_1,Wind,West,Wind_WT,2020,4383.0
Johnson_County,2025011600,0.0,0.0,0.0,0.0,Johnson_County,NG,North,NG_CCGT,2020,4383.0
Morgan_Creek_5,2025011600,0.0,0.0,0.0,0.0,Morgan_Creek_5,NG,West,NG_OCGT,2020,4383.0
T_H_Wharton_G_1,2025011600,0.0,0.0,0.0,0.0,T_H_Wharton_G_1,NG,Houston,NG_OCGT,2020,4383.0
Pearsall_IC_Engine_Plant_C,2025011512,0.0,0.0,0.0,0.0,Pearsall_IC_Engine_Plant_C,NG,South,NG_IC,2020,4383.0
Mountain_Creek_6,2025011512,450143.33581,122.0,534.726,2529253.98,Mountain_Creek_6,NG,North,NG_ST,2020,4383.0
W_A_Parish_3,2025011512,0.0,0.0,0.0,0.0,W_A_Parish_3,NG,Houston,NG_ST,2020,4383.0
W_A_Parish_6,2025011512,0.0,0.0,0.0,0.0,W_A_Parish_6,Coal-Sub,Houston,Coal-Sub_ST,2020,4383.0
B_M_Davis_1,2025011512,0.0,0.0,0.0,0.0,B_M_Davis_1,NG,South,NG_ST,2020,4383.0
Greens_Bayou_73,2025011600,0.0,0.0,0.0,0.0,Greens_Bayou_73,NG,Houston,NG_OCGT,2020,4383.0
Permian_Basin_4,2025011600,0.0,0.0,0.0,0.0,Permian_Basin_4,NG,West,NG_OCGT,2020,4383.0
Oak_Grove_SES_Unit_2,2025011600,0.0,0.0,0.0,0.0,Oak_Grove_SES_Unit_2,Coal-Lig,North,Coal-Lig_ST,2020,4383.0
Penascal_Wind_1,2025011512,0.0,80.4,352.3932,0.0,Penascal_Wind_1,Wind-C,South,Wind-C_WT,2020,4383.0
T_H_Wharton_GT_56,2025011512,0.0,0.0,0.0,0.0,T_H_Wharton_GT_56,NG,Houston,NG_OCGT,2020,4383.0
Brazos_Valley_1,2025011600,1605148.27631,602.0,2638.566,12480417.18,Brazos_Valley_1,NG,Houston,NG_CCGT,2020,4383.0
Cedar_Bayou_4,2025011600,1209455.06488,504.0,2209.032,10448721.36,Cedar_Bayou_4,NG,Houston,NG_CCGT,2020,4383.0
Elbow_Creek_Wind,2025011600,0.0,59.35,260.13105,0.0,Elbow_Creek_Wind,Wind,West,Wind_WT,2020,4383.0
Papalote_Creek_Wind_Farm,2025011600,0.0,89.95,394.25085,0.0,Papalote_Creek_Wind_Farm,Wind-C,South,Wind-C_WT,2020,4383.0
Permian_Basin_1,2025011512,0.0,0.0,0.0,0.0,Permian_Basin_1,NG,West,NG_OCGT,2020,4383.0
Mountain_Creek_8,2025011600,0.0,0.0,0.0,0.0,Mountain_Creek_8,NG,North,NG_ST,2020,4383.0
Lamar_Power_Project_1,2025011600,0.0,0.0,0.0,0.0,Lamar_Power_Project_1,NG,North,NG_CCGT,2020,4383.0
Winchester_Power_Park_2,2025011512,0.0,0.0,0.0,0.0,Winchester_Power_Park_2,NG,LCRA,NG_OCGT,2020,4383.0
T_H_Wharton_GT_53,2025011600,0.0,0.0,0.0,0.0,T_H_Wharton_GT_53,NG,Houston,NG_OCGT,2020,4383.0
Hydro_RCEC_LZ,2025011512,0.0,40.0,175.32,305056.8,Hydro_RCEC_LZ,Water,RCEC,Hydro_HYDRO,2020,4383.0
Dallas-Fort_Worth_Area_LFG,2025011600,0.0,35.8,156.9114,390709.386,Dallas-Fort_Worth_Area_LFG,Biogas,North,Biogas_IC,2020,4383.0
Midlothian_2,2025011512,1312212.6753,504.0,2209.032,10448721.36,Midlothian_2,NG,North,NG_CCGT,2020,4383.0
Sweetwater_Wind_1,2025011600,0.0,0.0,0.0,0.0,Sweetwater_Wind_1,Wind,West,Wind_WT,2020,4383.0
Sim_Gideon_3,2025011600,0.0,0.0,0.0,0.0,Sim_Gideon_3,NG,LCRA,NG_ST,2020,4383.0
Victoria_Power_Station,2025011512,0.0,0.0,0.0,0.0,Victoria_Power_Station,NG,South,NG_CCGT,2020,4383.0
Spinning_Spur_3_Wind_2,2025011512,0.0,49.0,214.767,0.0,Spinning_Spur_3_Wind_2,Wind,West,Wind_WT,2020,4383.0
Panther_Creek_1,2025011600,0.0,71.25,312.28875,0.0,Panther_Creek_1,Wind,West,Wind_WT,2020,4383.0
Logan's_Gap_Wind_I_U1,2025011600,0.0,51.9,227.4777,0.0,Logan's_Gap_Wind_I_U1,Wind,North,Wind_WT,2020,4383.0
Spinning_Spur_Wind_Two,2025011600,0.0,0.0,0.0,0.0,Spinning_Spur_Wind_Two,Wind,West,Wind_WT,2020,4383.0
Ferguson_Replacement,2025011600,1207891.13396,502.7,2203.3341,10421770.293,Ferguson_Replacement,NG,LCRA,NG_CCGT,2020,4383.0
Greens_Bayou_5,2025011512,1701957.69512,371.0,1626.093,7691419.89,Greens_Bayou_5,NG,Houston,NG_ST,2020,4383.0
Nueces_Bay_8,2025011512,0.0,0.0,0.0,0.0,Nueces_Bay_8,NG,South,NG_CCGT,2020,4383.0
Goldthwaite_Wind_1,2025011600,0.0,74.3,325.6569,0.0,Goldthwaite_Wind_1,Wind,North,Wind_WT,2020,4383.0
Morgan_Creek_3,2025011512,0.0,0.0,0.0,0.0,Morgan_Creek_3,NG,West,NG_OCGT,2020,4383.0
W_A_Parish_4,2025011512,0.0,0.0,0.0,0.0,W_A_Parish_4,NG,Houston,NG_ST,2020,4383.0
Oklaunion_1,2025011512,0.0,0.0,0.0,0.0,Oklaunion_1,Coal-Sub,West,Coal-Sub_ST,2020,4383.0
Stryker_Creek_2,2025011512,0.0,0.0,0.0,0.0,Stryker_Creek_2,NG,North,NG_ST,2020,4383.0
Fayette_Power_Project_3,2025011512,0.0,0.0,0.0,0.0,Fayette_Power_Project_3,Coal-Sub,LCRA,Coal-Sub_ST,2020,4383.0
Lost_Pines_1,2025011512,1376761.2765,528.0,2314.224,10946279.52,Lost_Pines_1,NG,LCRA,NG_CCGT,2020,4383.0
Cedar_Bayou_1,2025011600,2606314.52772,745.0,3265.335,15445034.55,Cedar_Bayou_1,NG,Houston,NG_ST,2020,4383.0
Bosque_County_CC_1,2025011512,1313875.37692,514.0,2252.862,10656037.26,Bosque_County_CC_1,NG,North,NG_CCGT,2020,4383.0
Sim_Gideon_1,2025011600,0.0,0.0,0.0,0.0,Sim_Gideon_1,NG,LCRA,NG_ST,2020,4383.0
Los_Vientos_Wind_II,2025011600,0.0,100.8,441.8064,0.0,Los_Vientos_Wind_II,Wind-C,South,Wind-C_WT,2020,4383.0
Monticello_U2,2025011512,0.0,0.0,0.0,0.0,Monticello_U2,Coal-Lig,North,Coal-Lig_ST,2020,4383.0
Tenaska_Kiamichi_Station_1,2025011600,0.0,0.0,0.0,0.0,Tenaska_Kiamichi_Station_1,NG,North,NG_CCGT,2020,4383.0
O_W_Sommers_1,2025011600,0.0,0.0,0.0,0.0,O_W_Sommers_1,NG,South,NG_ST,2020,4383.0
Texas_City_1,2025011600,0.0,0.0,0.0,0.0,Texas_City_1,NG,Houston,NG_CCGT-CHP,2020,4383.0
King_Mountain_Wind_SW,2025011600,0.0,39.65,173.78595,0.0,King_Mountain_Wind_SW,Wind,West,Wind_WT,2020,4383.0
Winchester_Power_Park_1,2025011512,0.0,0.0,0.0,0.0,Winchester_Power_Park_1,NG,LCRA,NG_OCGT,2020,4383.0
C_R_Wing_Cogen_Plant,2025011600,0.0,0.0,0.0,0.0,C_R_Wing_Cogen_Plant,NG,West,NG_CCGT-CHP,2020,4383.0
WKN_Mozart_Wind,2025011512,0.0,15.0,65.745,0.0,WKN_Mozart_Wind,Wind,West,Wind_WT,2020,4383.0
Decker_Creek_G4,2025011600,0.0,0.0,0.0,0.0,Decker_Creek_G4,NG,AEN,NG_OCGT,2020,4383.0
Wichita_Falls_Cogeneration_Plant,2025011512,0.0,0.0,0.0,0.0,Wichita_Falls_Cogeneration_Plant,NG,West,NG_CCGT-CHP,2020,4383.0
DeCordova_4,2025011512,0.0,0.0,0.0,0.0,DeCordova_4,NG,North,NG_OCGT,2020,4383.0
Winchester_Power_Park_4,2025011600,0.0,0.0,0.0,0.0,Winchester_Power_Park_4,NG,LCRA,NG_OCGT,2020,4383.0
Magic_Valley_Wind_(Redfish)_1A,2025011600,0.0,49.9,218.7117,0.0,Magic_Valley_Wind_(Redfish)_1A,Wind-C,South,Wind-C_WT,2020,4383.0
Blue_Summit_Wind_5,2025011512,0.0,4.5,19.7235,0.0,Blue_Summit_Wind_5,Wind,West,Wind_WT,2020,4383.0
Panda_Temple_II_STG,2025011512,804219.539562,334.7,1466.9901,6938863.173,Panda_Temple_II_STG,NG,North,NG_CCGT,2020,4383.0
Freeport_Energy_Center,2025011512,173234.202604,63.4,277.8822,1314382.806,Freeport_Energy_Center,NG,Houston,NG_CCGT-CHP,2020,4383.0
Rio_Nogales_1,2025011512,0.0,0.0,0.0,0.0,Rio_Nogales_1,NG,South,NG_CCGT,2020,4383.0
Horse_Hollow_Wind_1,2025011512,0.0,103.3,452.7639,0.0,Horse_Hollow_Wind_1,Wind,West,Wind_WT,2020,4383.0
Powerlane_Plant_3,2025011600,0.0,0.0,0.0,0.0,Powerlane_Plant_3,NG,North,NG_ST,2020,4383.0
Guadalupe_Generating_Station_1,2025011512,2497976.60739,986.0,4321.638,20441347.74,Guadalupe_Generating_Station_1,NG,South,NG_CCGT,2020,4383.0
Comanche_Peak_U2,2025011600,0.0,1195.0,5237.685,6966121.05,Comanche_Peak_U2,Uranium,North,Uranium_ST,2020,4383.0
Green_Mountain_Wind_(Brazos)_U2,2025011512,0.0,30.5,133.6815,0.0,Green_Mountain_Wind_(Brazos)_U2,Wind,West,Wind_WT,2020,4383.0
Graham_1,2025011600,0.0,0.0,0.0,0.0,Graham_1,NG,West,NG_ST,2020,4383.0
Sherbino_1_Wind,2025011512,0.0,75.0,328.725,0.0,Sherbino_1_Wind,Wind,West,Wind_WT,2020,4383.0
Penascal_Wind_2,2025011600,0.0,70.8,310.3164,0.0,Penascal_Wind_2,Wind-C,South,Wind-C_WT,2020,4383.0
Acacia_Solar,2025011600,0.0,0.0,0.0,0.0,Acacia_Solar,Solar,West,Solar_PV,2020,4383.0
Stryker_Creek_1,2025011512,0.0,0.0,0.0,0.0,Stryker_Creek_1,NG,North,NG_ST,2020,4383.0
V_H_Braunig_5,2025011512,0.0,0.0,0.0,0.0,V_H_Braunig_5,NG,South,NG_OCGT,2020,4383.0
Sand_Hill_Energy_Center_5a,2025011600,0.0,0.0,0.0,0.0,Sand_Hill_Energy_Center_5a,NG,AEN,NG_CCGT,2020,4383.0
King_Mountain_Wind_NE,2025011600,0.0,39.65,173.78595,0.0,King_Mountain_Wind_NE,Wind,West,Wind_WT,2020,4383.0
Sweetwater_Wind_2B,2025011600,0.0,0.0,0.0,0.0,Sweetwater_Wind_2B,Wind,West,Wind_WT,2020,4383.0
McAdoo_Wind_Farm,2025011600,0.0,75.0,328.725,0.0,McAdoo_Wind_Farm,Wind,West,Wind_WT,2020,4383.0
Grandview_1_(Conway)_GV1A,2025011512,0.0,53.7,235.3671,0.0,Grandview_1_(Conway)_GV1A,Wind,West,Wind_WT,2020,4383.0
Monticello_U1,2025011512,0.0,0.0,0.0,0.0,Monticello_U1,Coal-Sub,North,Coal-Sub_ST,2020,4383.0
Shannon_Wind,2025011600,0.0,0.0,0.0,0.0,Shannon_Wind,Wind,West,Wind_WT,2020,4383.0
Decker_Creek_G1,2025011600,0.0,0.0,0.0,0.0,Decker_Creek_G1,NG,AEN,NG_OCGT,2020,4383.0
Buffalo_Gap_Wind_Farm_2_2,2025011600,0.0,58.5,256.4055,0.0,Buffalo_Gap_Wind_Farm_2_2,Wind,West,Wind_WT,2020,4383.0
Greenville_Powerlane_IC3,2025011512,28138.1145776,8.4,36.8172,174145.356,Greenville_Powerlane_IC3,NG,North,NG_IC,2020,4383.0
Sand_Hill_Energy_Center_GT_7,2025011600,0.0,0.0,0.0,0.0,Sand_Hill_Energy_Center_GT_7,NG,AEN,NG_OCGT,2020,4383.0
Handley_3,2025011600,1843290.46848,395.0,1731.285,8188978.05,Handley_3,NG,North,NG_ST,2020,4383.0
Forney_Energy_Center_1,2025011512,2286910.78625,911.0,3992.913,18886478.49,Forney_Energy_Center_1,NG,North,NG_CCGT,2020,4383.0
Hidalgo_1,2025011600,0.0,0.0,0.0,0.0,Hidalgo_1,NG,South,NG_CCGT,2020,4383.0
Martin_Lake_2,2025011512,0.0,0.0,0.0,0.0,Martin_Lake_2,Coal-Lig,North,Coal-Lig_ST,2020,4383.0
Cedro_Hill_Wind_2,2025011512,0.0,37.5,164.3625,0.0,Cedro_Hill_Wind_2,Wind,South,Wind_WT,2020,4383.0
Ray_Olinger_4,2025011512,0.0,0.0,0.0,0.0,Ray_Olinger_4,NG,North,NG_OCGT,2020,4383.0
Leon_Creek_Peaking_1,2025011512,0.0,0.0,0.0,0.0,Leon_Creek_Peaking_1,NG,South,NG_OCGT,2020,4383.0
Laredo_Peaking_5,2025011600,0.0,0.0,0.0,0.0,Laredo_Peaking_5,NG,South,NG_OCGT,2020,4383.0
Harbor_Wind,2025011512,0.0,4.5,19.7235,0.0,Harbor_Wind,Wind-C,South,Wind-C_WT,2020,4383.0
Loraine_Windpark_III,2025011600,0.0,12.75,55.88325,0.0,Loraine_Windpark_III,Wind,West,Wind_WT,2020,4383.0
Handley_4,2025011600,2029952.7944,435.0,1906.605,9018241.65,Handley_4,NG,North,NG_ST,2020,4383.0
Callahan_Wind,2025011600,0.0,57.0,249.831,0.0,Callahan_Wind,Wind,West,Wind_WT,2020,4383.0
OCI_Alamo_4_Solar_(Bracketville),2025011512,0.0,18.8,82.4004,29664.144,OCI_Alamo_4_Solar_(Bracketville),Solar,South,Solar_PV,2020,4383.0
DeCordova_2,2025011600,0.0,0.0,0.0,0.0,DeCordova_2,NG,North,NG_OCGT,2020,4383.0
Snyder_Wind_Farm,2025011512,0.0,31.5,138.0645,0.0,Snyder_Wind_Farm,Wind,West,Wind_WT,2020,4383.0
Ector_County_Energy,2025011512,1000318.25136,294.0,1288.602,6095087.46,Ector_County_Energy,NG,West,NG_OCGT,2020,4383.0
Dansby_3,2025011512,0.0,0.0,0.0,0.0,Dansby_3,NG,North,NG_OCGT,2020,4383.0
Miami_Wind_G2,2025011600,0.0,72.15,316.23345,0.0,Miami_Wind_G2,Wind,West,Wind_WT,2020,4383.0
Bosque_County_CC_2,2025011600,581843.265692,230.3,1009.4049,4774485.177,Bosque_County_CC_2,NG,North,NG_CCGT,2020,4383.0
Sweetwater_Wind_3A,2025011600,0.0,0.0,0.0,0.0,Sweetwater_Wind_3A,Wind,West,Wind_WT,2020,4383.0
Notrees_Wind_Farm_2,2025011512,0.0,30.0,131.49,0.0,Notrees_Wind_Farm_2,Wind,West,Wind_WT,2020,4383.0
OCI_Alamo_1_Solar,2025011512,0.0,19.6,85.9068,30926.448,OCI_Alamo_1_Solar,Solar,South,Solar_PV,2020,4383.0
Blue_Wing_2_Solar,2025011512,0.0,3.65,15.99795,5759.262,Blue_Wing_2_Solar,Solar,South,Solar_PV,2020,4383.0
V_H_Braunig_2,2025011512,0.0,0.0,0.0,0.0,V_H_Braunig_2,NG,South,NG_ST,2020,4383.0
ExxonMobil_Baytown_Refinery,2025011600,0.0,0.0,0.0,0.0,ExxonMobil_Baytown_Refinery,NG,Houston,NG_OCGT-CHP,2020,4383.0
SunEdison_CPS3_Somerset_1_Solar,2025011600,0.0,2.8,12.2724,4418.064,SunEdison_CPS3_Somerset_1_Solar,Solar,South,Solar_PV,2020,4383.0
Whirlwind_Energy,2025011600,0.0,0.0,0.0,0.0,Whirlwind_Energy,Wind,West,Wind_WT,2020,4383.0
Greens_Bayou_82,2025011600,0.0,0.0,0.0,0.0,Greens_Bayou_82,NG,Houston,NG_OCGT,2020,4383.0
Martin_Lake_2,2025011600,0.0,0.0,0.0,0.0,Martin_Lake_2,Coal-Lig,North,Coal-Lig_ST,2020,4383.0
Limestone_2,2025011512,0.0,0.0,0.0,0.0,Limestone_2,Coal-Lig,North,Coal-Lig_ST,2020,4383.0
Sandow_U4,2025011512,0.0,0.0,0.0,0.0,Sandow_U4,Coal-Lig,South,Coal-Lig_ST,2020,4383.0
R_W_Miller_3,2025011512,429188.99402,121.85,534.06855,2526144.2415,R_W_Miller_3,NG,North,NG_ST,2020,4383.0
J_T_Deely_2,2025011600,0.0,0.0,0.0,0.0,J_T_Deely_2,Coal-Sub,CPS,Coal-Sub_ST,2020,4383.0
Corpus_Christi_Energy_Center,2025011600,1139988.79685,460.5,2018.3715,9546897.195,Corpus_Christi_Energy_Center,NG,South,NG_CCGT-CHP,2020,4383.0
Channelview_Cogen_Plant,2025011512,1940741.01418,861.0,3773.763,17849898.99,Channelview_Cogen_Plant,NG,Houston,NG_CCGT-CHP,2020,4383.0
Silas_Ray_9,2025011600,0.0,0.0,0.0,0.0,Silas_Ray_9,NG,South,NG_CCGT,2020,4383.0
South_Trent_Wind_Farm,2025011512,0.0,49.1,215.2053,0.0,South_Trent_Wind_Farm,Wind,West,Wind_WT,2020,4383.0
Panther_Creek_2,2025011600,0.0,57.75,253.11825,0.0,Panther_Creek_2,Wind,West,Wind_WT,2020,4383.0
Pasadena_Cogeneration,2025011600,0.0,0.0,0.0,0.0,Pasadena_Cogeneration,NG,Houston,NG_CCGT-CHP,2020,4383.0
Barton_Chapel_Wind,2025011600,0.0,60.0,262.98,0.0,Barton_Chapel_Wind,Wind,North,Wind_WT,2020,4383.0
Tenaska_Kiamichi_Station_2,2025011512,0.0,0.0,0.0,0.0,Tenaska_Kiamichi_Station_2,NG,North,NG_CCGT,2020,4383.0
Baytown_Energy_Center,2025011600,2532013.0088,794.8,3483.6084,16477467.732,Baytown_Energy_Center,NG,Houston,NG_CCGT-CHP,2020,4383.0
Texas_Big_Spring_Wind_A,2025011600,0.0,0.0,0.0,0.0,Texas_Big_Spring_Wind_A,Wind,West,Wind_WT,2020,4383.0
Ray_Olinger_3,2025011512,0.0,0.0,0.0,0.0,Ray_Olinger_3,NG,North,NG_ST,2020,4383.0
Horse_Hollow_Wind_2,2025011600,0.0,79.0,346.257,0.0,Horse_Hollow_Wind_2,Wind,West,Wind_WT,2020,4383.0
Leon_Creek_Peaking_2,2025011512,0.0,0.0,0.0,0.0,Leon_Creek_Peaking_2,NG,South,NG_OCGT,2020,4383.0
Coleto_Creek,2025011512,0.0,0.0,0.0,0.0,Coleto_Creek,Coal-Sub,South,Coal-Sub_ST,2020,4383.0
Desert_Sky_Wind_Farm_1,2025011600,0.0,42.0,184.086,0.0,Desert_Sky_Wind_Farm_1,Wind,West,Wind_WT,2020,4383.0
Champion_Wind_Farm,2025011512,0.0,63.25,277.22475,0.0,Champion_Wind_Farm,Wind,West,Wind_WT,2020,4383.0
Sam_Rayburn_GT_2,2025011512,0.0,0.0,0.0,0.0,Sam_Rayburn_GT_2,NG,South,NG_OCGT,2020,4383.0
OCI_Alamo_3-Walzem_Solar,2025011600,0.0,2.75,12.05325,4339.17,OCI_Alamo_3-Walzem_Solar,Solar,South,Solar_PV,2020,4383.0
V_H_Braunig_6,2025011600,0.0,0.0,0.0,0.0,V_H_Braunig_6,NG,South,NG_OCGT,2020,4383.0
Capricorn_Ridge_Wind_2,2025011600,0.0,93.0,407.619,0.0,Capricorn_Ridge_Wind_2,Wind,West,Wind_WT,2020,4383.0
San_Miguel_1,2025011512,0.0,0.0,0.0,0.0,San_Miguel_1,Coal-Lig,South,Coal-Lig_ST,2020,4383.0
Panda_Sherman,2025011600,0.0,0.0,0.0,0.0,Panda_Sherman,NG,North,NG_CCGT,2020,4383.0
"Barilla_Solar_(FS,_Pecos)",2025011512,0.0,11.0,48.213,17356.68,"Barilla_Solar_(FS,_Pecos)",Solar,West,Solar_PV,2020,4383.0
Horse_Hollow_Wind_4,2025011600,0.0,54.0,236.682,0.0,Horse_Hollow_Wind_4,Wind,West,Wind_WT,2020,4383.0
Paris_Energy_Center_1,2025011512,602414.246083,239.0,1047.537,4954850.01,Paris_Energy_Center_1,NG,North,NG_CCGT,2020,4383.0
Hackberry_Wind_Farm,2025011600,0.0,81.75,358.31025,0.0,Hackberry_Wind_Farm,Wind,West,Wind_WT,2020,4383.0
Wolf_Flats_Wind_(Wind_Mgt),2025011600,0.0,0.0,0.0,0.0,Wolf_Flats_Wind_(Wind_Mgt),Wind,West,Wind_WT,2020,4383.0
W_A_Parish_Petra_Nova,2025011600,0.0,0.0,0.0,0.0,W_A_Parish_Petra_Nova,NG,Houston,NG_OCGT,2020,4383.0
Sim_Gideon_2,2025011600,0.0,0.0,0.0,0.0,Sim_Gideon_2,NG,LCRA,NG_ST,2020,4383.0
Greens_Bayou_74,2025011512,0.0,0.0,0.0,0.0,Greens_Bayou_74,NG,Houston,NG_OCGT,2020,4383.0
Comanche_Peak_U1,2025011512,0.0,1205.0,5281.515,7024414.95,Comanche_Peak_U1,Uranium,North,Uranium_ST,2020,4383.0
Los_Vientos_Wind_III,2025011600,0.0,100.0,438.3,0.0,Los_Vientos_Wind_III,Wind,South,Wind_WT,2020,4383.0
TSTC_West_Texas_Wind,2025011600,0.0,0.0,0.0,0.0,TSTC_West_Texas_Wind,Wind,West,Wind_WT,2020,4383.0
Rattlesnake_Den_Wind_1_G1,2025011512,0.0,52.15,228.57345,0.0,Rattlesnake_Den_Wind_1_G1,Wind,West,Wind_WT,2020,4383.0
Hydro_LCRA_LZ,2025011600,0.0,280.0,1227.24,2135397.6,Hydro_LCRA_LZ,Water,LCRA,Hydro_HYDRO,2020,4383.0
Green_Pastures_Wind_1,2025011600,0.0,75.0,328.725,0.0,Green_Pastures_Wind_1,Wind,West,Wind_WT,2020,4383.0
Sweetwater_Wind_4-5,2025011600,0.0,0.0,0.0,0.0,Sweetwater_Wind_4-5,Wind,West,Wind_WT,2020,4383.0
Briscoe_Wind_Farm,2025011512,0.0,75.0,328.725,0.0,Briscoe_Wind_Farm,Wind,West,Wind_WT,2020,4383.0
Houston_Area_LFG,2025011600,0.0,24.5,107.3835,267384.915,Houston_Area_LFG,Biogas,Houston,Biogas_IC,2020,4383.0
